47225,Severed Horn,,0
47226,Beelzebub Stamp,,0
47227,Flaming Shoes,,0
47228,Halloween Pucu Plushie,,0
47229,Skull Candle,,0
47230,Plastic Spider Ring,,0
47231,Candycorn Pencil,,0
47232,Skeleton Wing Gloves,,0
47233,Devil Wing Hair Clips,,0
47234,Gothic Eyeliner,,0
47235,Gothic Cupcake,,0
47236,How to Care Less,,0
47237,Heavy Metal Music,,0
47238,Goth Phase Stamp,,0
47239,Dragoth,,0
47240,How to Eyeliner,,0
47241,Enchanted Gothic Willa Plushie,,0
47242,Enchanted Gothic Jessup Plushie,,0
47243,Gothic Jessup Plushie,,0
47244,Gothic Willa Plushie,,0
47245,Pumpkin Sweater,,0
47246,Ghost Pencil,,0
47247,Plastic Glowing Spider Ring,,0
47248,Armour Top,,0
47249,Red Riding Hood,,0
47250,Peacock Feathers,,0
47251,Cowboy Hat,,0
47252,Trooper Mask,,0
47253,Spider Web Doughnut,,0
47254,Halloween Leido Plushie,,0
47255,Little Ghost Story,,0
47256,Witch Pencil,,0
47257,Plastic Blue Spider Ring,,0
47258,Skull Violin,,0
47259,Spider Hat,,0
47260,Wolf Hood,,0
47261,Plain Pitiful Pigtails Wig,,0
47262,White Trim School Blazer,,0
47263,Black Trim School Blazer,,0
47264,Haunted Tree,,0
47265,Haunted House,,0
47266,Dragoth Plate,,0
47267,Lightning Addow Photo,,0
47268,Lightning Astro Photo,,0
47269,Lightning Azul Photo,,0
47270,Gothic Bolimo Photo,,0
47271,Lightning Chibs Photo,,0
47272,Lightning Crikey Photo,,0
47273,Lightning Feliz Photo,,0
47274,Gothic Figaro Photo,,0
47275,Insideout Gizmo Photo,,0
47276,Lightning Huthiq Photo,,0
47277,Gothic Jessup Photo,,0
47278,Lightning Lati Photo,,0
47279,Gothic Nino Photo,,0
47280,Gothic Raulf Photo,,0
47281,Digital Reese Photo,,0
47282,Digital Renat Photo,,0
47283,Digital Rofling Photo,,0
47284,Digital Sindi Photo,,0
47285,Digital Snookle Photo,,0
47286,Digital Speiro Photo,,0
47287,Gothic Speiro Photo,,0
47288,Digital Sybri Photo,,0
47289,Digital Tantua Photo,,0
47290,Digital Tasi Photo,,0
47291,Gothic Troit Photo,,0
47292,Digital Troit Photo,,0
47293,Digital Ushunda Photo,,0
47294,Digital Viotto Photo,,0
47295,Digital Vixen Photo,,0
47296,Digital Vlad Photo,,0
47297,Digital Walee Photo,,0
47298,Digital Willa Photo,,0
47299,Gothic Willa Photo,,0
47300,Lightning Xoi Photo,,0
47301,Digital Xoi Photo,,0
47302,Digital Zetlian Photo,,0
47303,Digital Zoink Photo,,0
47304,Digital Zola Photo,,0
47305,Digital Zoosh Photo,,0
47306,Big Ears Pumpkin,,0
47307,Big Mouth Pumpkin,,0
47308,Cursed Pumpkin,,0
47309,Lightning Pumpkin,,0
47310,Fire Pumpkin,,0
47311,Moonlight Pumpkin,,0
47312,Mummy Pumpkin,,0
47313,Midnight Pumpkin,,0
47314,Nimbus Pumpkin,,0
47315,2017 Pumpkin,,0
47316,Starry Eyed Pumpkin,,0
47317,Snaggletooth Pumpkin,,0
47318,Spider Pumpkin,,0
47319,Big Teeth Pumpkin,,0
47320,Water Pumpkin,,0
47321,Winter Pumpkin,,0
47322,Pumpkin Pencil,,0
47323,Pumpkin Shirt,,0
47324,Pumpkin Skirt,,0
47325,Trick or Treat Pail,,0
47326,Sparkle Pumpkin,,0
47327,Magenta Pumpkin,,0
47328,Beige Pumpkin,,0
47329,Lilac Pumpkin,,0
47330,Police Officer Belt,,0
47331,Police Officer Pants,,0
47332,Police Officer Shirt,,0
47333,Police Officer Hat,,0
47334,Pitiful Pigtails Wig,,0
47335,Scarecrow Stamp,,0
47336,Pumpkin Doughnut,,0
47337,Possessed Phonograph,,0
47338,Trumpkin,,0
47339,Pumpkin Bath Bomb,,0