ItemID,ItemName,ItemSecondaryName,LastPrice
5004,Vela,,0
5005,Advent Muffin,,0
5006,Advent Pie,,0
5007,The Little Christmas Tree,,0
5008,Christmas Stamp,,0
5009,Christmas Doll,,0
5010,Holiday Decorating Guide,,0
5011,Frozen Steak,,0
5012,Frozen Carrot,,0
5024,Cat Burglar Stamp,,0
5025,Clown Stamp,,0
5026,Gavula Stamp,,0
5027,Hithe Stamp,,0
5028,Kleptome Stamp,,0
5029,Pessen Stamp,,0
5030,Wugor Stamp,,0
5044,Blue Azul Photo,,0
5045,Green Azul Photo,,0
5046,Pink Azul Photo,,0
5047,Red Azul Photo,,0
5048,Yellow Azul Photo,,0
5049,King Baspinar Tail,,0
5050,King Baspinar Clothing,,0
5051,King Baspinar Arm,,0
5052,King Baspinar Crown,,0
5053,Frozen Snails,,0
5064,Frozen Cabbage,,0
5066,Frozen Saladleaf,,0
5071,Queen Eleka Stamp,,0
5072,Stilettos,,0
5073,Basic Sneakers,,0
5074,Sandals,,0
5075,Flip Flops,,0
5076,Furry Boots,,0
5077,Suede Boots,,0
5078,High Top Sneakers,,0
5079,Nardo Shoes,,0
5080,Platform Shoes,,0
5081,Ballerina Shoes,,0
5082,Bow Sandals,,0
5083,Strap Heels,,0
5084,Bow Heels,,0
5085,War Boots,,0
5086,Camouflage War Boots,,0
5087,War Shirt,,0
5088,War Pants,,0
5089,War Skirt,,0
5091,War Sleeveless Top,,0
5093,War Long Pants,,0
5094,Frozen Banana,,0
5095,Frozen Broccoli,,0
5096,Frozen Duck,,0
5097,Frozen Fillet,,0
5098,Frozen Grapes,,0
5099,Frozen Ham,,0
5100,Frozen Pear,,0
5101,Frozen Sausages,,0
5102,Frozen Squid,,0
5103,Filondor,,0
5104,Queen Eleka Book,,0
5105,Eleka Costume,,0
5106,Eleka Shield,,0
5107,Eleka Wand,,0
5108,Jacko,,0
5109,Love Kidlet Potion,,0
5110,Love Lati Potion,,0
5111,Valentine,,0
5112,Valentine Book,,0
5113,Love Music,,0
5114,Valentines Day,,0
5115,Love Pants,,0
5116,Love Tank Top,,0
5117,Love Dress,,0
5118,Fasoro Voodoo Doll,,0
5119,Feliz Voodoo Doll,,0
5120,Ercuw Voodoo Doll,,0
5121,Doyle Voodoo Doll,,0
5122,Chibs Voodoo Doll,,0
5123,Bolimo Voodoo Doll,,0
5124,Azul Voodoo Doll,,0
5125,Addow Voodoo Doll,,0
5144,Jessup Voodoo Doll,,0
5145,Grint Voodoo Doll,,0
5146,Gonk Voodoo Doll,,0
5147,Huthiq Voodoo Doll,,0
5148,Ideus Voodoo Doll,,0
5164,Green Gummy Renat,,0
5165,Red Gummy Renat,,0
5166,Yellow Gummy Renat,,0
5167,Yellow Gummy Xoi,,0
5168,Red Gummy Xoi,,0
5169,Green Gummy Xoi,,0
5170,Blue Addow Photo,,0
5171,Brown Addow Photo,,0
5173,Green Addow Photo,,0
5176,Orange Addow Photo,,0
5184,Purple Addow Photo,,0
5185,Yellow Addow Photo,,0
5204,Yellow Gummy Feliz,,0
5205,Green Gummy Azul,,0
5206,Red Gummy Azul,,0
5207,Yellow Gummy Azul,,0
5208,Green Gummy Doyle,,0
5209,Red Gummy Doyle,,0
5210,Yellow Gummy Doyle,,0
5211,Green Gummy Feliz,,0
5212,Red Gummy Feliz,,0
5224,Chronicles of the Dark,,0
5225,Chronicles of the Light,,0
5226,Sun Shield,,0
5227,Moon Shield,,0
5228,Sindi Voodoo Doll,,0
5229,Quell Voodoo Doll,,0
5230,Mbox,,0
5231,Sun Wand,,0
5232,Moon Wand,,0
5233,Sun Sword,,0
5234,Moon Sword,,0
5235,Sun Healing Potion,,0
5236,Moon Healing Potion,,0
5245,Lidge,,0
5246,Pongin,,0
5247,Swondor Trading Card,,0
5248,Muskit Trading Card,,0
5264,Kevadra Trading Card,,0
5265,Wizadrip Trading Card,,0
5285,Addow Easter Egg,,0
5286,Azul Easter Egg,,0
5287,Bolimo Easter Egg,,0
5288,Chibs Easter Egg,,0
5289,Crindol Easter Egg,,0
5290,Doyle Easter Egg,,0
5291,Equilor Easter Egg,,0
5292,Ercuw Easter Egg,,0
5293,Fasoro Easter Egg,,0
5294,Feliz Easter Egg,,0
5295,Gonk Easter Egg,,0
5296,Grint Easter Egg,,0
5297,Huthiq Easter Egg,,0
5298,Ideus Easter Egg,,0
5299,Jessup Easter Egg,,0
5300,Kidlet Easter Egg,,0
5301,Knutt Easter Egg,,0
5302,Kronk Easter Egg,,0
5303,Lati Easter Egg,,0
5304,Leido Easter Egg,,0
5305,Mordo Easter Egg,,0
5306,Murfin Easter Egg,,0
5307,Newth Easter Egg,,0
5308,Oglue Easter Egg,,0
5309,Osafo Easter Egg,,0
5310,Paffuto Easter Egg,,0
5311,Phanty Easter Egg,,0
5312,Poera Easter Egg,,0
5313,Quell Easter Egg,,0
5314,Reese Easter Egg,,0
5315,Renat Easter Egg,,0
5316,Rofling Easter Egg,,0
5317,Sindi Easter Egg,,0
5318,Tantua Easter Egg,,0
5319,Ushunda Easter Egg,,0
5320,Viotto Easter Egg,,0
5321,Walee Easter Egg,,0
5322,Xoi Easter Egg,,0
5323,Zetlian Easter Egg,,0
5324,Yakubi Easter Egg,,0
5325,Elger Trading Card,,0
5326,Gonk Racing,,0
5327,Underwater CD,,0
5329,Rainbow Tunes,,0
5330,Xoi in Black,,0
5344,Royal Book,,0
5345,Book of Secrets,,0
5346,Anjet,,0
5347,Fandor,,0
5364,Light Costume,,0
5384,Light Side Stamp,,0
5385,Knight Pearl,,0
5386,Light Side Music,,0
5387,Light Siders,,0
5388,King Baspinar Axe,,0
5389,Napoleon,,0
5405,Billy,,0
5424,Mordo Voodoo Doll,,0
5425,King Feliz,,0
5426,Moonlight Kidlets,,0
5444,Toddler Costume,,0
5445,Learn to Talk,,0
5446,Chibs Pearl,,0
5447,Bedtime Stories,,0
5448,Chibi,,0
5449,Chibs Onesie,,0
5450,Chibs Mask,,0
5451,Toddler Chibs Potion,,0
5452,Toddler Reese Potion,,0
5464,Broken Bolimo Teeth,,0
5465,Red Crindol Horn,,0
5466,Wing of Radioactive Doyle,,0
5467,Wing of Light Ercuw,,0
5468,Tail of Halloween Fasoro,,0
5469,Green Grint Foot,,0
5470,Horn of Black Jessup,,0
5471,Leido Shell,,0
5472,Tail of Blue Poera,,0
5484,Addow Poison,,0
5485,Azul Poison,,0
5486,Bolimo Poison,,0
5487,Chibs Poison,,0
5488,Crindol Poison,,0
5489,Doyle Poison,,0
5490,Equilor Poison,,0
5491,Ercuw Poison,,0
5492,Fasoro Poison,,0
5493,Feliz Poison,,0
5494,Gonk Poison,,0
5495,Grint Poison,,0
5496,Huthiq Poison,,0
5497,Ideus Poison,,0
5498,Jessup Poison,,0
5499,Kidlet Poison,,0
5500,Knutt Poison,,0
5501,Kronk Poison,,0
5503,Lati Poison,,0
5504,Leido Poison,,0
5505,Mordo Poison,,0
5506,Murfin Poison,,0
5507,Newth Poison,,0
5508,Oglue Poison,,0
5509,Osafo Poison,,0
5511,Paffuto Poison,,0
5512,Phanty Poison,,0
5513,Poera Poison,,0
5514,Quell Poison,,0
5515,Reese Poison,,0
5516,Renat Poison,,0
5517,Rofling Poison,,0
5518,Sindi Poison,,0
5519,Tantua Poison,,0
5520,Ushunda Poison,,0
5521,Viotto Poison,,0
5522,Walee Poison,,0
5523,Xoi Poison,,0
5524,Yakubi Poison,,0
5525,Yuni Poison,,0
5526,Zetlian Poison,,0
5544,Bacon,,0
5545,Eleka Minions Trading Card,,0
5546,Crinkal Trading Card,,0
5547,Black Chati,,0
5548,Blue Chati,,0
5549,Green Chati,,0
5550,Grey Chati,,0
5551,Orange Chati,,0
5552,Pink Chati,,0
5553,Purple Chati,,0
5554,Red Chati,,0
5555,White Chati,,0
5556,Yellow Chati,,0
5557,Black Viondol,,0
5558,Blue Viondol,,0
5559,Green Viondol,,0
5560,Grey Viondol,,0
5561,Orange Viondol,,0
5562,Pink Viondol,,0
5563,Purple Viondol,,0
5564,Red Viondol,,0
5565,White Viondol,,0
5566,Yellow Viondol,,0
5567,Poison Potato,,0
5568,The Fates Shirt,,0
5569,Atropos Plushie,,0
5570,Clotho Plushie,,0
5571,Lachesis Plushie,,0
5572,Poisonous Tunes,,0
5573,Voodoo Costume,,0
5574,The Fates Stamp,,0
5575,Book of Fate,,0
5576,Yellow Yuni Potion,,0
5577,Blue Yuni Potion,,0
5578,Green Yuni Potion,,0
5580,Red Yuni Potion,,0
5581,Hipster Glasses,,0
5582,Heart Sunglasses,,0
5583,Moustache Glasses,,0
5584,Cool Sunglasses,,0
5585,Granny Glasses,,0
5586,Android Gear,,0
5587,Left Eye Patch,,0
5588,FBI Sunglasses,,0
5589,Aviator Sunglasses,,0
5590,Diva Glasses,,0
5591,Eleka Tombola Book,,0
5592,Eleka Tombola,,0
5593,Elekas Tombola,,0
5594,Eleka Tombola Stamp,,0
5595,Free Male Plastic Surgery Coupon,,0
5596,Free Female Plastic Surgery Coupon,,0
5597,Eleka Tombola Balloon,,0
5598,Black Minnoth,,0
5599,Blue Minnoth,,0
5600,Green Minnoth,,0
5601,Grey Minnoth,,0
5602,Orange Minnoth,,0
5603,Pink Minnoth,,0
5604,Purple Minnoth,,0
5605,Red Minnoth,,0
5606,White Minnoth,,0
5607,Yellow Minnoth,,0
5608,Black Minnoth Femur,,0
5610,Blue Minnoth Femur,,0
5611,Green Minnoth Femur,,0
5612,Grey Minnoth Femur,,0
5613,Orange Minnoth Femur,,0
5614,Pink Minnoth Femur,,0
5615,Purple Minnoth Femur,,0
5616,Red Minnoth Femur,,0
5617,White Minnoth Femur,,0
5618,Yellow Minnoth Femur,,0
5619,Black Minnoth Humerus,,0
5620,Blue Minnoth Humerus,,0
5621,Green Minnoth Humerus,,0
5622,Grey Minnoth Humerus,,0
5623,Orange Minnoth Humerus,,0
5624,Pink Minnoth Humerus,,0
5625,Purple Minnoth Humerus,,0
5626,Red Minnoth Humerus,,0
5627,White Minnoth Humerus,,0
5628,Yellow Minnoth Humerus,,0
5629,Black Minnoth Ribs,,0
5630,Blue Minnoth Ribs,,0
5631,Green Minnoth Ribs,,0
5632,Grey Minnoth Ribs,,0
5633,Orange Minnoth Ribs,,0
5634,Pink Minnoth Ribs,,0
5635,Purple Minnoth Ribs,,0
5636,Red Minnoth Ribs,,0
5637,White Minnoth Ribs,,0
5638,Yellow Minnoth Ribs,,0
5639,Black Minnoth Skull,,0
5640,Blue Minnoth Skull,,0
5641,Green Minnoth Skull,,0
5642,Grey Minnoth Skull,,0
5643,Orange Minnoth Skull,,0
5644,Pink Minnoth Skull,,0
5645,Purple Minnoth Skull,,0
5646,Red Minnoth Skull,,0
5647,White Minnoth Skull,,0
5648,Yellow Minnoth Skull,,0
5649,Black Minnoth Tail Bone,,0
5650,Blue Minnoth Tail Bone,,0
5651,Green Minnoth Tail Bone,,0
5652,Grey Minnoth Tail Bone,,0
5653,Orange Minnoth Tail Bone,,0
5654,Pink Minnoth Tail Bone,,0
5655,Purple Minnoth Tail Bone,,0
5656,Red Minnoth Tail Bone,,0
5657,White Minnoth Tail Bone,,0
5658,Yellow Minnoth Tail Bone,,0
5659,Jar of Cauliflower,,0
5660,Jar of Broccoli,,0
5661,Jar of Apple,,0
5662,Jar of Pear,,0
5663,Jar of Banana,,0
5664,Jar of Carrot,,0
5665,Jar of Grapes,,0
5666,Jar of Cherry,,0
5667,Jar of Blueberry,,0
5668,Jar of Pumpkins,,0
5669,Black Blood,,0
5670,Blue Blood,,0
5671,Green Blood,,0
5672,Grey Blood,,0
5673,Orange Blood,,0
5674,Purple Blood,,0
5675,Red Blood,,0
5676,Yellow Blood,,0
5677,Gross Trading Card,,0
5678,Undying Minipets,,0
5679,Undying Book,,0
5680,Insideout Pearl,,0
5681,Undying Tunes,,0
5682,Insideout Costume,,0
5683,Circus Ticket,,0
5684,Black Hund Femur,,0
5685,Blue Hund Femur,,0
5686,Green Hund Femur,,0
5687,Grey Hund Femur,,0
5688,Orange Hund Femur,,0
5689,Pink Hund Femur,,0
5690,Purple Hund Femur,,0
5691,Red Hund Femur,,0
5692,White Hund Femur,,0
5693,Yellow Hund Femur,,0
5694,Black Hund Humerus,,0
5695,Blue Hund Humerus,,0
5696,Green Hund Humerus,,0
5697,Grey Hund Humerus,,0
5698,Orange Hund Humerus,,0
5699,Pink Hund Humerus,,0
5700,Purple Hund Humerus,,0
5701,Red Hund Humerus,,0
5702,White Hund Humerus,,0
5703,Yellow Hund Humerus,,0
5704,Black Hund Skull,,0
5705,Blue Hund Skull,,0
5706,Green Hund Skull,,0
5707,Grey Hund Skull,,0
5708,Orange Hund Skull,,0
5709,Pink Hund Skull,,0
5710,Purple Hund Skull,,0
5711,Red Hund Skull,,0
5712,White Hund Skull,,0
5713,Yellow Hund Skull,,0
5714,Black Hund Tail,,0
5715,Blue Hund Tail,,0
5716,Green Hund Tail,,0
5717,Grey Hund Tail,,0
5718,Orange Hund Tail,,0
5719,Pink Hund Tail,,0
5720,Purple Hund Tail,,0
5721,Red Hund Tail,,0
5722,White Hund Tail,,0
5723,Yellow Hund Tail,,0
5724,Black Hund Thorax,,0
5725,Blue Hund Thorax,,0
5726,Green Hund Thorax,,0
5727,Grey Hund Thorax,,0
5728,Orange Hund Thorax,,0
5729,Pink Hund Thorax,,0
5730,Purple Hund Thorax,,0
5731,Red Hund Thorax,,0
5732,White Hund Thorax,,0
5733,Yellow Hund Thorax,,0
5734,Black Hund,,0
5735,Blue Hund,,0
5736,Green Hund,,0
5737,Grey Hund,,0
5738,Orange Hund,,0
5739,Pink Hund,,0
5740,Purple Hund,,0
5741,Red Hund,,0
5742,White Hund,,0
5743,Yellow Hund,,0
5744,Black Kidlet Potion,,0
5745,Blue Kidlet Potion,,0
5746,Green Kidlet Potion,,0
5747,Grey Kidlet Potion,,0
5748,Orange Kidlet Potion,,0
5749,Pink Kidlet Potion,,0
5750,Purple Kidlet Potion,,0
5751,Red Kidlet Potion,,0
5752,White Kidlet Potion,,0
5753,Yellow Kidlet Potion,,0
5754,Sumo Feliz Trading Card,,0
5755,Loyal,,0
5756,Black Choi,,0
5757,Blue Choi,,0
5758,Green Choi,,0
5759,Grey Choi,,0
5760,Orange Choi,,0
5761,Pink Choi,,0
5762,Purple Choi,,0
5763,Red Choi,,0
5764,White Choi,,0
5765,Yellow Choi,,0
5784,Pink Renuw,,0
5785,Green Renuw,,0
5786,Blue Renuw,,0
5787,Purple Renuw,,0
5788,Yellow Renuw,,0
5789,White Renuw,,0
5790,Red Renuw,,0
5791,Orange Renuw,,0
5792,Grey Renuw,,0
5793,Brown Renuw,,0
5794,Black Renuw,,0
5795,Pink Fendol,,0
5796,Blue Fendol,,0
5797,Black Fendol,,0
5798,Grey Fendol,,0
5799,Brown Fendol,,0
5800,Green Fendol,,0
5801,Orange Fendol,,0
5802,Purple Fendol,,0
5803,Red Fendol,,0
5804,Yellow Fendol,,0
5805,White Fendol,,0
5824,Pink Erni,,0
5825,Green Erni,,0
5826,Blue Erni,,0
5827,Brown Erni,,0
5828,Grey Erni,,0
5829,Orange Erni,,0
5830,Purple Erni,,0
5831,Red Erni,,0
5832,White Erni,,0
5833,Yellow Erni,,0
5834,Black Erni,,0
5835,Bloody Eye Patch,,0
5836,Sunglasses,,0
5837,Round Sunglasses,,0
5838,Right Eye Patch,,0
5839,Nerd Glasses,,0
5840,Lab Goggles,,0
5841,Cat Glasses,,0
5842,Star Sunglasses,,0
5843,Popular Sunglasses,,0
5844,Reading Glasses,,0
5845,Insideout Potato,,0
5864,Skeleton Potato,,0
5865,Trotters Shirt,,0
5866,Trotters Shield,,0
5867,Bone Book,,0
5868,Undying Graveyard,,0
5884,Fasoro Onesie,,0
5885,Fasoro Mask,,0
5904,Pink Goglue,,0
5905,Blue Goglue,,0
5906,Black Goglue,,0
5907,Brown Goglue,,0
5908,Green Goglue,,0
5909,Grey Goglue,,0
5910,Orange Goglue,,0
5911,Purple Goglue,,0
5912,Red Goglue,,0
5913,Yellow Goglue,,0
5914,White Goglue,,0
5915,Kidlet Voodoo Doll,,0
5916,Knutt Voodoo Doll,,0
5917,Kronk Voodoo Doll,,0
5918,Lati Voodoo Doll,,0
5919,Leido Voodoo Doll,,0
5920,Murfin Voodoo Doll,,0
5921,Newth Voodoo Doll,,0
5922,Oglue Voodoo Doll,,0
5923,Osafo Voodoo Doll,,0
5924,Paffuto Voodoo Doll,,0
5925,Phanty Voodoo Doll,,0
5926,Poera Voodoo Doll,,0
5927,Reese Voodoo Doll,,0
5928,Renat Voodoo Doll,,0
5929,Rofling Voodoo Doll,,0
5930,Tantua Voodoo Doll,,0
5931,Ushunda Voodoo Doll,,0
5932,Viotto Voodoo Doll,,0
5933,Walee Voodoo Doll,,0
5934,Xoi Voodoo Doll,,0
5935,Yakubi Voodoo Doll,,0
5936,Zetlian Voodoo Doll,,0
5937,Trotters Stamp,,0
5938,Trotters Plushie,,0
5940,Trotters Sword,,0
5941,Skeleton Costume,,0
5942,Black Zoink Potion,,0
5943,Blue Zoink Potion,,0
5944,Green Zoink Potion,,0
5945,Grey Zoink Potion,,0
5946,Orange Zoink Potion,,0
5947,Pink Zoink Potion,,0
5948,Purple Zoink Potion,,0
5949,Red Zoink Potion,,0
5950,White Zoink Potion,,0
5951,Yellow Zoink Potion,,0
5952,Equilor Voodoo Doll,,0
5953,Pink Gordo,,0
5954,Blue Gordo,,0
5955,Black Gordo,,0
5956,Grey Gordo,,0
5957,Green Gordo,,0
5958,Orange Gordo,,0
5959,Brown Gordo,,0
5960,Purple Gordo,,0
5961,Red Gordo,,0
5962,White Gordo,,0
5963,Yellow Gordo,,0
5964,Pixie Costume,,0
5965,Skater Costume,,0
5966,Pixie Book,,0
5967,Skater Book,,0
5968,Skater Music,,0
5969,Pixie Music,,0
5970,Pixie Pearl,,0
5971,Skater Pearl,,0
5972,Pixie Snookle Potion,,0
5973,Skater Snookle Potion,,0
5974,Skater Stamp,,0
5975,Pixie Snookle Stamp,,0
5976,Pixel,,0
5977,Sk8er,,0
5978,Snookle Mask,,0
5979,Snookle Onesie,,0
5980,Skater Newth Potion,,0
5981,Pixie Renat Potion,,0
5984,Festival Potato,,0
5985,Festival Book,,0
5986,Festival,,0
5987,Undying Festival,,0
5989,Festival Pearl,,0
5990,Festival Gumball,,0
5991,Festival Music,,0
5992,Undying Festival Stamp,,0
6004,Summer Dress,,0
6005,Short Belt Pants,,0
6006,Summer Shirt,,0
6024,3rd Birthday Book,,0
6025,3 Years Balloon,,0
6026,3 Years Cake,,0
6027,3 Years Old Stamp,,0
6028,Birthday Pearl,,0
6029,Two Million,,0
6044,Baspinar Castle Cake,,0
6045,Eleka Castle Cake,,0
6046,King Baspinar Potato,,0
6047,Eleka Castle Potato,,0
6048,War Music,,0
6049,Minipet Island War I,,0
6050,Light Side Shirt,,0
6051,Dark Side Shirt,,0
6052,Dark Side Balloon,,0
6053,Light Side Balloon,,0
6064,Rabid Fasoro Trading Card,,0
6065,Queen Eleka Plushie,,0
6066,King Baspinar Plushie,,0
6084,Extra Pet Giftbox,,0
6085,Operations Portal Giftbox,,0
6086,Fishing Giftbox ,,0
6087,Fasoro Falls Giftbox ,,0
6088,Whirlpool Giftbox,,0
6104,Speckled Dress,,0
6124,Polka Dot Baby Doll,,0
6125,Dignified Jacket,,0
6126,OutaSight 01,,0
6127,OutaSight 02,,0
6128,OutaSight 03,,0
6129,OutaSight 04,,0
6130,OutaSight 05,,0
6131,OutaSight 06,,0
6133,OutaSight 07,,0
6134,OutaSight 08,,0
6135,OutaSight 09,,0
6136,OutaSight 10,,0
6137,OutaSight 11,,0
6138,OutaSight 12,,0
6139,OutaSight 13,,0
6141,OutaSight 14,,0
6142,OutaSight 15,,0
6143,OutaSight 16,,0
6144,OutaSight 17,,0
6145,Blue Ercuw Photo,,0
6146,Green Ercuw Photo,,0
6147,Purple Ercuw Photo,,0
6148,Red Ercuw Photo,,0
6149,Yellow Ercuw Photo,,0
6150,Double Cheeseburger,,0
6151,Triple Cheeseburger,,0
6152,Quadruple Cheeseburger,,0
6153,Quadruple Chicken Burger,,0
6154,Triple Chicken Burger,,0
6155,Double Chicken Burger,,0
6156,Chicken Burger,,0
6157,Hotcha 01,,0
6158,Hotcha 02,,0
6159,Hotcha 03,,0
6160,Hotcha 04,,0
6161,Hotcha 05,,0
6162,Hotcha 06,,0
6163,Hotcha 07,,0
6164,Hotcha 08,,0
6166,Hotcha 09,,0
6167,Hotcha 10,,0
6168,Hotcha 11,,0
6169,Hotcha 12,,0
6170,Hotcha 13,,0
6171,Hotcha 14,,0
6172,Hotcha 15,,0
6173,Hotcha 16,,0
6174,Hotcha 17,,0
6175,Hotcha 18,,0
6176,Hotcha 19,,0
6177,Hotcha 20,,0
6178,Hotcha 21,,0
6179,Blue Bolimo Photo,,0
6180,Green Bolimo Photo,,0
6181,Red Bolimo Photo,,0
6182,Yellow Bolimo Photo,,0
6183,Jump 01,,0
6184,Jump 02,,0
6185,Jump 03,,0
6186,Jump 04,,0
6187,Jump 05,,0
6188,Jump 06,,0
6189,Jump 07,,0
6190,Jump 08,,0
6191,Jump 09,,0
6192,Jump 10,,0
6193,Jump 11,,0
6194,Jump 12,,0
6195,Jump 13,,0
6196,Jump 14,,0
6197,Jump 15,,0
6198,Jump 16,,0
6199,Jump 17,,0
6200,Jump 18,,0
6201,Jump 19,,0
6202,Jump 20,,0
6203,Hawt 01,,0
6204,Hawt 02,,0
6205,Hawt 03,,0
6206,Hawt 04,,0
6207,Hawt 05,,0
6208,Hawt 06,,0
6209,Hawt 07,,0
6210,Hawt 08,,0
6211,Hawt 09,,0
6212,Hawt 10,,0
6213,Hawt 11,,0
6214,Hawt 12,,0
6215,Hawt 13,,0
6216,Hawt 14,,0
6217,Hawt 15,,0
6218,Hawt 16,,0
6219,Hawt 17,,0
6220,Hawt 18,,0
6221,Hawt 19,,0
6222,Hawt 20,,0
6223,Hawt 21,,0
6224,Foxy 01,,0
6225,Foxy 02,,0
6226,Foxy 03,,0
6227,Foxy 04,,0
6228,Foxy 05,,0
6229,Foxy 06,,0
6230,Foxy 07,,0
6231,Foxy 08,,0
6232,Foxy 09,,0
6233,Foxy 10,,0
6234,Foxy 11,,0
6235,Foxy 12,,0
6236,Foxy 13,,0
6237,Foxy 14,,0
6238,Foxy 15,,0
6239,Foxy 16,,0
6240,Foxy 17,,0
6241,Foxy 18,,0
6242,Undying Stamp,,0
6243,Undying Tombola,,0
6244,Undying Tombola Book,,0
6248,Tombola Tunes,,0
6249,Tanning Salon Ticket,,0
6264,Fish Fingers,,0
6265,Chicken Fingers,,0
6266,Mozzarella Dippers,,0
6267,Jumbo Hotdog,,0
6268,Bacon Cheeseburger,,0
6269,Bacon Burger,,0
6270,Bacon Egg Burger,,0
6271,Bacon Egg Bagel,,0
6272,Bacon Roll,,0
6273,Double Bacon Fish Cheeseburger,,0
6274,Triple Bacon Cheeseburger,,0
6275,BBQ Beans,,0
6276,Chicken Nuggets,,0
6277,Fried Chicken and Fries,,0
6278,Chicken Strips and Fries,,0
6279,Chicken Wings,,0
6280,Small Steak and Fries,,0
6281,Medium Steak and Fries,,0
6282,Large Steak and Fries,,0
6283,Fish Burger,,0
6284,Grilled Fish Burger,,0
6285,Veggie Burger,,0
6286,Curly Fries,,0
6287,Chunky Fries,,0
6288,Nachos,,0
6289,Pampered Costume,,0
6290,Sparkle 01,,0
6291,Sparkle 02,,0
6292,Sparkle 03,,0
6293,Sparkle 04,,0
6294,Sparkle 05,,0
6295,Sparkle 06,,0
6296,Sparkle 07,,0
6297,Sparkle 08,,0
6298,Sparkle 09,,0
6299,Sparkle 10,,0
6300,Sparkle 11,,0
6301,Sparkle 12,,0
6302,Sparkle 13,,0
6303,Sparkle 14,,0
6304,Sparkle 15,,0
6306,Sparkle 16,,0
6307,Sparkle 17,,0
6308,Sparkle 18,,0
6309,Sparkle 19,,0
6316,Sparkle 20,,0
6317,Abalone,,0
6318,Bonito,,0
6319,California Roll,,0
6320,Clam,,0
6321,Bivalve Mollusks,,0
6322,Cucumber Roll,,0
6323,Ebi Shrimp,,0
6324,Egg,,0
6325,Fatty Tuna,,0
6326,Flat Fish,,0
6327,Flounder,,0
6328,Fresh Water Eel,,0
6329,Futomaki,,0
6330,Giant Clam,,0
6331,Ginger,,0
6332,Halibut,,0
6333,Horse Mackeral,,0
6334,Horsemeat,,0
6335,Mackeral,,0
6336,Octopus,,0
6337,Pickled Gourd,,0
6338,Plum and Shiso Roll,,0
6339,Red Snapper,,0
6340,Red Tuna,,0
6341,Round Clam,,0
6342,Twinkle 01,,0
6343,Twinkle 02,,0
6344,Twinkle 03,,0
6345,Twinkle 05,,0
6346,Twinkle 04,,0
6347,Twinkle 06,,0
6348,Twinkle 07,,0
6349,Twinkle 08,,0
6350,Twinkle 09,,0
6351,Twinkle 10,,0
6352,Twinkle 11,,0
6353,Twinkle 12,,0
6354,Twinkle 13,,0
6355,Twinkle 14,,0
6356,Twinkle 15,,0
6357,Twinkle 16,,0
6358,Twinkle 17,,0
6359,Twinkle 18,,0
6360,Twinkle 19,,0
6361,Twinkle 20,,0
6362,Vending Machine Instructions 01,,0
6363,Vending Machine Instructions 02,,0
6364,Vending Machine Instructions 03,,0
6365,Vending Machine Instructions 04,,0
6366,Vending Machine Instructions 05,,0
6367,Vending Machine Instructions 06,,0
6368,Vending Machine Instructions 07,,0
6369,Vending Machine Instructions 08,,0
6370,Vending Machine Instructions 09,,0
6371,Vending Machine Instructions 10,,0
6372,Vending Machine Instructions 11,,0
6373,Salmon Roe,,0
6374,Vending Machine Instructions 12,,0
6375,Vending Machine Instructions 13,,0
6376,Vending Machine Instructions 14,,0
6377,Vending Machine Instructions 15,,0
6378,Vending Machine Instructions 16,,0
6379,Salmon,,0
6380,Salt Water Eel,,0
6381,Sardine,,0
6382,Scallop,,0
6383,Sea Bream,,0
6384,Sea Urchin,,0
6385,Spicy Tuna Handroll,,0
6386,Spicy Tuna,,0
6387,Squid,,0
6388,Surf Clam,,0
6389,Sweet Shrimp,,0
6390,Spicy Salmon Roll,,0
6391,Philly Roll,,0
6392,Yellow Tail Handroll,,0
6393,Tuna Hand Roll,,0
6394,Salmon Hand Roll,,0
6395,Rainbow Handroll,,0
6396,Spicy Scallop Handroll,,0
6397,Yellowtail Tuna,,0
6398,Yellowjack,,0
6399,White Bait,,0
6400,Whale Meat,,0
6401,Tuna Roll,,0
6402,Tuna Belly,,0
6403,Bonus Clothing 01,,0
6404,Bonus Clothing 02,,0
6405,Bonus Clothing 03,,0
6406,Bonus Clothing 04,,0
6407,Bonus Clothing 05,,0
6408,Bonus Clothing 06,,0
6409,Bonus Clothing 07,,0
6410,Bonus Clothing 08,,0
6411,Bonus Clothing 09,,0
6412,Bonus Clothing 10,,0
6413,Bonus Clothing 11,,0
6414,Bonus Clothing 12,,0
6415,Bonus Clothing 13,,0
6416,Bonus Clothing 14,,0
6417,Bonus Clothing 15,,0
6418,Bonus Clothing 16,,0
6419,Bonus Clothing 17,,0
6420,Bonus Clothing 18,,0
6421,Bonus Clothing 19,,0
6422,Bonus Clothing 20,,0
6423,Bonus Clothing 21,,0
6424,Bonus Clothing 22,,0
6425,Bonus Clothing 23,,0
6426,Bonus Clothing 24,,0
6427,Bonus Clothing 25,,0
6428,Bonus Clothing 26,,0
6429,Bonus Clothing 27,,0
6430,Bonus Clothing 28,,0
6431,Bonus Clothing 29,,0
6432,Bonus Clothing 30,,0
6433,Bonus Clothing 31,,0
6434,Bonus Clothing 32,,0
6435,Bonus Clothing 33,,0
6436,Bonus Clothing 34,,0
6437,Bonus Clothing 35,,0
6438,School Costume,,0
6439,School Pearl,,0
6440,Miort,,0
6441,School Bus Songs,,0
6442,Home School Musical,,0
6443,School Mordo Stamp,,0
6444,Bonus Clothing 36,,0
6445,Bonus Clothing 37,,0
6446,Bonus Clothing 38,,0
6447,Bonus Clothing 39,,0
6448,Bonus Clothing 40,,0
6450,Bonus Clothing 41,,0
6451,Bonus Clothing 42,,0
6452,Bonus Clothing 43,,0
6453,Bonus Clothing 44,,0
6454,Bonus Clothing 45,,0
6455,Bonus Clothing 46,,0
6456,Bonus Clothing 47,,0
6457,Bonus Clothing 48,,0
6458,Bonus Clothing 49,,0
6459,Bonus Clothing 50,,0
6460,Bonus Clothing 51,,0
6461,Bonus Clothing 52,,0
6462,Bonus Clothing 53,,0
6463,Bonus Clothing 54,,0
6464,Bonus Clothing 55,,0
6465,Bonus Clothing 56,,0
6466,Bonus Clothing 57,,0
6467,Bonus Clothing 58,,0
6468,Bonus Clothing 59,,0
6469,Bonus Clothing 60,,0
6470,Bonus Clothing 61,,0
6471,Bonus Clothing 62,,0
6472,Bonus Clothing 63,,0
6473,Bonus Clothing 64,,0
6474,Bonus Clothing 65,,0
6475,Bonus Clothing 66,,0
6476,Bonus Clothing 67,,0
6477,Bonus Clothing 68,,0
6478,Bonus Clothing 69,,0
6479,Bonus Clothing 70,,0
6480,Bonus Clothing 71,,0
6481,Bonus Clothing 72,,0
6482,Bonus Clothing 73,,0
6483,Bonus Clothing 74,,0
6484,Bonus Clothing 75,,0
6485,Bonus Clothing 76,,0
6486,Bonus Clothing 77,,0
6487,Bonus Clothing 78,,0
6488,Bonus Clothing 79,,0
6489,Bonus Clothing 80,,0
6490,Bonus Clothing 81,,0
6491,Bonus Clothing 82,,0
6492,Bonus Clothing 83,,0
6493,Bonus Clothing 84,,0
6494,Bonus Clothing 85,,0
6495,Chill 01,,0
6496,Chill 02,,0
6497,Chill 03,,0
6498,Chill 04,,0
6499,Chill 05,,0
6500,Chill 06,,0
6501,Chill 07,,0
6502,Chill 08,,0
6503,Chill 09,,0
6504,Chill 10,,0
6505,Chill 11,,0
6506,Chill 12,,0
6507,Chill 13,,0
6508,Chill 14,,0
6509,Chill 15,,0
6510,Chill 16,,0
6511,Chill 17,,0
6512,Chill 18,,0
6513,Chill 19,,0
6514,Chill 20,,0
6515,Chill 21,,0
6516,Chill 22,,0
6517,Chill 23,,0
6518,Chill 24,,0
6519,Chill 25,,0
6520,Chill 26,,0
6522,Chill 27,,0
6523,Chill 28,,0
6524,Chill 29,,0
6525,Chill 30,,0
6526,Chill 31,,0
6527,Chill 32,,0
6528,Chill 33,,0
6529,Chill 34,,0
6530,Chill 35,,0
6531,Chill 36,,0
6532,Chill 37,,0
6533,Chill 38,,0
6534,Chill 39,,0
6535,Chill 40,,0
6536,Chill 41,,0
6537,Chill 42,,0
6538,Chill 43,,0
6539,Chill 44,,0
6540,Chill 45,,0
6541,Chill 46,,0
6542,Chill 47,,0
6543,Chill 48,,0
6544,Chill 49,,0
6545,Chill 50,,0
6564,Colonial Wig,,0
6565,Indian Chief Wig,,0
6566,Elvis Wig,,0
6567,Judge Wig,,0
6568,Zac 14,,0
6569,Zac 08,,0
6570,Zac 07,,0
6571,Zac 05,,0
6572,Zac 06,,0
6573,Zac 01,,0
6574,Zac 02,,0
6575,Zac 04,,0
6576,Zac 03,,0
6577,Zac 13,,0
6578,Zac 12,,0
6579,Zac 11,,0
6580,Zac 10,,0
6581,Zac 09,,0
6582,Avril 19,,0
6583,Avril 13,,0
6584,Avril 12,,0
6585,Avril 20,,0
6587,Avril 11,,0
6588,Avril 15,,0
6589,Avril 16,,0
6590,Avril 17,,0
6591,Avril 18,,0
6592,Avril 14,,0
6593,Avril 03,,0
6594,Avril 04,,0
6595,Avril 01,,0
6596,Avril 02,,0
6597,Avril 05,,0
6598,Avril 06,,0
6599,Avril 07,,0
6600,Avril 08,,0
6601,Avril 09,,0
6602,Avril 10,,0
6603,Pink Blood,,0
6604,Neptune 01,,0
6605,Neptune 02,,0
6606,Neptune 03,,0
6607,Neptune 04,,0
6608,Neptune 05,,0
6609,Neptune 06,,0
6610,Neptune 07,,0
6611,Neptune 08,,0
6612,Neptune 09,,0
6613,Neptune 10,,0
6614,Neptune 11,,0
6615,Neptune 12,,0
6616,Neptune 13,,0
6617,Neptune 14,,0
6618,Neptune 15,,0
6619,Neptune 16,,0
6620,Neptune 17,,0
6621,Neptune 18,,0
6622,Neptune 19,,0
6623,Neptune 20,,0
6624,Neptune 21,,0
6625,Neptune 22,,0
6626,Neptune 23,,0
6627,Neptune 24,,0
6628,Neptune 25,,0
6644,Corrupt 01,,0
6645,Corrupt 02,,0
6646,Corrupt 03,,0
6647,Corrupt 04,,0
6648,Corrupt 05,,0
6649,Corrupt 06,,0
6650,Corrupt 07,,0
6651,Corrupt 08,,0
6652,Corrupt 09,,0
6653,Corrupt 10,,0
6654,Corrupt 11,,0
6655,Corrupt 12,,0
6656,Corrupt 13,,0
6657,Corrupt 14,,0
6658,Corrupt 15,,0
6659,Corrupt 16,,0
6660,Corrupt 17,,0
6661,Corrupt 18,,0
6662,Corrupt 19,,0
6663,Corrupt 20,,0
6664,Corrupt 21,,0
6665,Corrupt 22,,0
6666,Corrupt 23,,0
6667,Corrupt 24,,0
6668,Corrupt 25,,0
6669,Arazzi 01,,0
6670,Arazzi 02,,0
6671,Arazzi 03,,0
6672,Arazzi 04,,0
6673,Arazzi 05,,0
6674,Arazzi 06,,0
6675,Arazzi 07,,0
6676,Arazzi 08,,0
6677,Arazzi 09,,0
6678,Arazzi 10,,0
6679,Arazzi 11,,0
6680,Arazzi 12,,0
6681,Arazzi 13,,0
6682,Arazzi 14,,0
6683,Arazzi 15,,0
6684,Arazzi 16,,0
6685,Arazzi 17,,0
6686,Arazzi 18,,0
6687,Arazzi 19,,0
6688,Arazzi 20,,0
6689,Arazzi 21,,0
6690,Arazzi 22,,0
6691,Arazzi 23,,0
6692,Arazzi 24,,0
6693,Arazzi 25,,0
6694,Dentist Ticket,,0
6695,How to be Loyal,,0
6696,Book of Loyalty,,0
6697,Poisonous Gauntlet,,0
6698,White Blood,,0
6699,Poisonous Dagger,,0
6700,Rapunzel Dress 01,,0
6701,Rapunzel Dress 02,,0
6702,Rapunzel Dress 03,,0
6703,Rapunzel Dress 04,,0
6704,Rapunzel Dress 05,,0
6705,Shine 01,,0
6706,Shine 02,,0
6707,Shine 03,,0
6708,Shine 04,,0
6709,Shine 05,,0
6710,Shine 06,,0
6711,Shine 07,,0
6712,Shine 08,,0
6713,Shine 09,,0
6714,Shine 10,,0
6715,Shine 11,,0
6716,Shine 12,,0
6717,Shine 15,,0
6718,Shine 16,,0
6719,Shine 17,,0
6720,Shine 18,,0
6721,Shine 19,,0
6722,Shine 20,,0
6723,Shine 21,,0
6724,Shine 22,,0
6725,Shine 23,,0
6726,Shine 24,,0
6727,Shine 25,,0
6728,Shine 13,,0
6729,Shine 14,,0
6730,Bonus Clothing 86,,0
6731,Usher 04,,0
6732,Usher 05,,0
6733,Usher 06,,0
6734,Usher 07,,0
6735,Usher 08,,0
6737,Usher 16,,0
6738,Usher 17,,0
6740,Usher 18,,0
6741,Usher 19,,0
6742,Usher 20,,0
6743,Usher 02,,0
6744,Usher 09,,0
6745,Usher 03,,0
6746,Usher 10,,0
6747,Usher 11,,0
6748,Usher 12,,0
6749,Usher 13,,0
6750,Usher 14,,0
6751,Usher 15,,0
6752,Usher 01,,0
6753,Bonus Clothing 87,,0
6754,Bonus Clothing 88,,0
6755,Bonus Clothing 89,,0
6756,Bonus Clothing 90,,0
6757,Bonus Clothing 91,,0
6758,Clothing Rack Giftbox,,0
6759,Vending Machine Giftbox,,0
6760,Bonus Clothing 92,,0
6761,Bonus Clothing 93,,0
6762,Bonus Clothing 94,,0
6763,Bonus Clothing 95,,0
6764,Bonus Clothing 96,,0
6765,Bonus Clothing 97,,0
6766,Bonus Clothing 98,,0
6767,Bonus Clothing 99,,0
6768,Bonus Clothing 100,,0
6769,Bonus Clothing 101,,0
6770,Bonus Clothing 102,,0
6771,Bonus Clothing 103,,0
6772,Bonus Clothing 104,,0
6773,Bonus Clothing 105,,0
6774,Bonus Clothing 106,,0
6775,Bonus Clothing 107,,0
6776,Bonus Clothing 108,,0
6777,Bonus Clothing 109,,0
6778,Bonus Clothing 110,,0
6779,Bonus Clothing 111,,0
6780,Bonus Clothing 112,,0
6781,Bonus Clothing 113,,0
6782,Bonus Clothing 114,,0
6783,Bonus Clothing 115,,0
6784,Bonus Clothing 116,,0
6785,Bonus Clothing 117,,0
6786,Bonus Clothing 118,,0
6787,Bonus Clothing 119,,0
6788,Bonus Clothing 120,,0
6789,Bonus Clothing 121,,0
6790,Bonus Clothing 122,,0
6791,Bonus Clothing 123,,0
6792,Bonus Clothing 124,,0
6793,Egyptian Wig,,0
6794,Afro Wig,,0
6795,Dark Side Pearl,,0
6796,Light Side Pearl,,0
6797,War Prize 01,,0
6798,War Prize 02,,0
6799,War Prize 03,,0
6800,War Prize 04,,0
6801,War Prize 05,,0
6802,War Prize 06,,0
6803,War Prize 07,,0
6804,War Prize 08,,0
6805,War Prize 09,,0
6806,War Prize 10,,0
6807,War Prize 11,,0
6808,War Prize 12,,0
6809,War Prize 13,,0
6810,War Prize 14,,0
6811,War Prize 15,,0
6812,War Prize 16,,0
6813,War Prize 17,,0
6814,War Prize 18,,0
6815,War Prize 19,,0
6816,War Prize 20,,0
6817,Raw 01,,0
6818,Raw 02,,0
6819,Raw 03,,0
6820,Raw 04,,0
6821,Raw 05,,0
6822,Raw 06,,0
6823,Raw 07,,0
6824,Raw 08,,0
6825,Raw 09,,0
6826,Raw 10,,0
6827,Raw 11,,0
6828,Raw 12,,0
6829,Raw 13,,0
6830,Raw 14,,0
6831,Raw 15,,0
6832,Raw 16,,0
6833,Raw 17,,0
6834,Raw 18,,0
6835,Raw 19,,0
6836,Raw 20,,0
6837,Raw 21,,0
6838,Raw 22,,0
6839,Raw 23,,0
6840,Raw 24,,0
6841,Raw 25,,0
6842,Raw 26,,0
6843,Raw 27,,0
6844,Raw 28,,0
6845,Raw 29,,0
6846,Raw 30,,0
6864,Nefarious Fairy Costume,,0
6865,Nefarious Cloak Costume,,0
6866,Nefarious Costume,,0
6867,Funeral Fables,,0
6868,Nefarious Pearl,,0
6869,Nefarious Stamp,,0
6870,Nefarious Ideus Potion,,0
6871,Nefarious Quell Potion,,0
6885,Ghost Tales Book,,0
6886,Marilyn 01,,0
6887,Marilyn 02,,0
6888,Marilyn 03,,0
6889,Marilyn 04,,0
6890,Marilyn 05,,0
6891,Marilyn 06,,0
6892,Marilyn 12,,0
6893,Marilyn 13,,0
6894,Marilyn 14,,0
6895,Marilyn 15,,0
6896,Marilyn 16,,0
6897,Marilyn 07,,0
6898,Marilyn 08,,0
6899,Marilyn 09,,0
6900,Marilyn 10,,0
6901,Marilyn 11,,0
6902,Rihanna 01,,0
6903,Rihanna 02,,0
6904,Rihanna 03,,0
6905,Rihanna 09,,0
6906,Rihanna 10,,0
6907,Rihanna 11,,0
6908,Rihanna 04,,0
6909,Rihanna 05,,0
6910,Rihanna 06,,0
6911,Rihanna 07,,0
6912,Rihanna 08,,0
6913,Rihanna 17,,0
6914,Rihanna 18,,0
6915,Rihanna 19,,0
6916,Rihanna 20,,0
6917,Rihanna 16,,0
6918,Rihanna 12,,0
6919,Rihanna 13,,0
6920,Rihanna 14,,0
6921,Rihanna 15,,0
6924,Chocolate Pumpkin,,0
6925,Undying Woods Balloon,,0
6926,Ghost Biscuits,,0
6927,Undying Woods Shirt,,0
6928,Undying Woods Gumball,,0
6929,Undying Woods Potato,,0
6930,Jar of Ghosts,,0
6931,Hungry Pumpkin,,0
6932,Halloween 2007,,0
6934,A Snowman Halloween,,0
6936,Graveyard Gates Stamp,,0
6937,Amy 01,,0
6938,Amy 02,,0
6939,Amy 03,,0
6940,Amy 04,,0
6941,Amy 05,,0
6942,Amy 06,,0
6943,Amy 07,,0
6944,Amy 08,,0
6945,Amy 09,,0
6946,Amy 10,,0
6947,Amy 11,,0
6948,Amy 12,,0
6949,Amy 13,,0
6950,Amy 14,,0
6951,Amy 15,,0
6952,Amy 16,,0
6953,Amy 17,,0
6954,Amy 18,,0
6955,Amy 19,,0
6956,Amy 20,,0
6957,Pink 01,,0
6958,Pink 02,,0
6959,Pink 03,,0
6960,Pink 04,,0
6961,Pink 05,,0
6962,Pink 06,,0
6963,Pink 07,,0
6964,Pink 08,,0
6965,Pink 16,,0
6966,Pink 17,,0
6967,Pink 18,,0
6968,Pink 19,,0
6969,Pink 20,,0
6970,Pink 09,,0
6971,Pink 10,,0
6972,Pink 11,,0
6973,Pink 12,,0
6974,Pink 13,,0
6975,Pink 14,,0
6976,Pink 15,,0
6977,Ugly 16,,0
6978,Ugly 17,,0
6979,Ugly 15,,0
6980,Ugly 05,,0
6981,Ugly 06,,0
6982,Ugly 07,,0
6983,Ugly 08,,0
6984,Ugly 01,,0
6985,Ugly 02,,0
6986,Ugly 03,,0
6988,Ugly 04,,0
6989,Ugly 09,,0
6990,Ugly 10,,0
6991,Ugly 11,,0
6992,Ugly 12,,0
6993,Ugly 13,,0
6994,Ugly 14,,0
7004,Daisy Horns,,0
7005,Ghost Fasoro Plushie,,0
7006,Blood Stained Book,,0
7007,Pumpkin Shield,,0
7008,Bat Attack,,0
7009,Pumpkin Bow,,0
7010,Treat,,0
7011,Undying Woods Pearl,,0
7024,Beyonce 01,,0
7025,Beyonce 04,,0
7026,Beyonce 05,,0
7027,Beyonce 02,,0
7028,Beyonce 03,,0
7029,Beyonce 06,,0
7030,Beyonce 07,,0
7031,Beyonce 08,,0
7032,Beyonce 09,,0
7033,Beyonce 10,,0
7034,Beyonce 11,,0
7035,Beyonce 12,,0
7036,Beyonce 13,,0
7037,Beyonce 14,,0
7038,Beyonce 15,,0
7039,Beyonce 18,,0
7040,Beyonce 19,,0
7041,Beyonce 20,,0
7042,Beyonce 17,,0
7043,Beyonce 16,,0
7044,Beyonce 25,,0
7045,Beyonce 24,,0
7046,Beyonce 23,,0
7047,Beyonce 21,,0
7048,Beyonce 22,,0
7049,Shakira 01,,0
7050,Shakira 02,,0
7051,Shakira 03,,0
7052,Shakira 04,,0
7053,Shakira 10,,0
7054,Shakira 11,,0
7055,Shakira 12,,0
7056,Shakira 13,,0
7057,Shakira 14,,0
7058,Shakira 05,,0
7059,Shakira 06,,0
7060,Shakira 07,,0
7061,Shakira 08,,0
7062,Shakira 09,,0
7063,Shakira 21,,0
7064,Shakira 22,,0
7065,Shakira 18,,0
7066,Shakira 19,,0
7067,Shakira 20,,0
7068,Shakira 15,,0
7069,Shakira 16,,0
7070,Shakira 17,,0
7071,Miley 01,,0
7072,Miley 02,,0
7073,Miley 03,,0
7074,Miley 04,,0
7075,Miley 05,,0
7076,Miley 06,,0
7077,Miley 07,,0
7078,Miley 08,,0
7079,Miley 09,,0
7080,Miley 10,,0
7081,Miley 11,,0
7082,Miley 12,,0
7083,Miley 13,,0
7084,Miley 14,,0
7085,Miley 15,,0
7086,Miley 16,,0
7087,Miley 17,,0
7088,Miley 18,,0
7089,Miley 25,,0
7090,Miley 26,,0
7091,Miley 27,,0
7092,Miley 28,,0
7093,Miley 29,,0
7094,Miley 19,,0
7095,Miley 20,,0
7096,Miley 21,,0
7097,Miley 22,,0
7098,Miley 23,,0
7099,Miley 24,,0
7104,Jar of Blood,,0
7105,Ghost Slayer,,0
7106,Haunted House Pearl,,0
7107,Ghost Potato,,0
7108,Spooky Pencil,,0
7109,Rocking Werewolf Fasoro,,0
7110,Speechless Ghost Costume,,0
7111,Evil Ghost Costume,,0
7112,Grim Reaper Costume,,0
7113,Graveyard Keeper Costume,,0
7114,Mutated Costume,,0
7115,Mutant Skin,,0
7116,Black Skeleton Costume,,0
7117,Skeleton Skin,,0
7118,Vintage Werewolf Costume,,0
7119,Lycanthrope Costume,,0
7120,Corpse Costume,,0
7121,Deceased Costume,,0
7122,The Pumpkin Patch,,0
7123,Bone Potato,,0
7124,Halloween Hits,,0
7144,Crying Pumpkin,,0
7145,Friendly Pumpkin,,0
7146,Love Pumpkin,,0
7147,Lati Pumpkin,,0
7149,Scared Pumpkin,,0
7150,Sick Pumpkin,,0
7151,Fake Teeth Pumpkin,,0
7152,Upset Pumpkin,,0
7153,Vampire Pumpkin,,0
7154,Yawning Pumpkin,,0
7155,Vintage Halloween Snowman Costume,,0
7156,Halloween Snowman Costume,,0
7164,Undying Woods Wig,,0
7165,Skull Balloon,,0
7166,Baking Pumpkins Book,,0
7167,Trick or Treating Tunes,,0
7168,Soul Songs,,0
7169,Pumpkin Doughnuts,,0
7170,Pumpkin Jack,,0
7171,Jar of Bats,,0
7172,Jar of Mucus,,0
7173,Jar of Rats,,0
7184,RIP Trading Card,,0
7185,Ice Fairy Costume,,0
7186,Ice Fairy Pearl,,0
7187,Ice Fairy Book,,0
7188,Ice Divas,,0
7189,The Ice Fairy,,0
7190,Ice Gnome Trading Card,,0
7191,Fiffo,,0
7192,Ice Fairy Dakota Potion,,0
7193,Ice Fairy Fasoro Potion,,0
7194,Ice Fairy Addow Potion,,0
7204,Delayed,,0
7205,Spinach Ice Cream,,0
7206,Eggnog Cake,,0
7207,Jar of Christmas Food,,0
7208,Fasoro Cookie,,0
7209,Christmas Tree Balloon,,0
7210,Christmas Cook Book,,0
7211,Christmas Ribbons Book,,0
7212,Cooking Turkey Guide,,0
7213,Crindol Balloon,,0
7214,Santa Claws Balloon,,0
7215,Dakota Cake,,0
7216,Santa Claws Plushie,,0
7217,Christmas Candycane,,0
7224,Chocolate Snowman,,0
7225,Blue Newth Balloon,,0
7226,Christmas Tree Biscuits,,0
7227,Biala Shirt,,0
7228,Christmas Reindeer Costume,,0
7229,Viotto Sniffles,,0
7230,Flaydor,,0
7231,Biala Shield,,0
7232,Biala is Melting,,0
7233,Biala Sword,,0
7234,Snowball Book,,0
7235,Snowflake Pearl,,0
7236,Snowball Plushie,,0
7237,Blitzen Horns,,0
7238,Jar of Ice,,0
7239,Biala Potato,,0
7240,Biala Gumball,,0
7241,Can of Apples,,0
7242,Can of Asparagus,,0
7243,Can of Blue Radish,,0
7244,Can of Bones,,0
7245,Can of Carrots,,0
7246,Can of Chicken Wings,,0
7247,Can of Eggs,,0
7248,Can of Fish,,0
7249,Can of Fish Eyes,,0
7250,Can of Sand,,0
7251,Can of Grapes,,0
7252,Can of Onions,,0
7253,Can of Peach,,0
7254,Can of Pear,,0
7255,Can of Peas,,0
7256,Can of Pickled Eggs,,0
7257,Can of Roses,,0
7259,Can of Snakes,,0
7260,Can of Tomatoes,,0
7264,Milk Chocolate Xoi,,0
7265,Christmas Gift Pearl,,0
7266,Candycane Pizza,,0
7284,Christmas Night Costume,,0
7285,Holly Costume,,0
7286,Jacqueline Frost Costume,,0
7287,Present Costume,,0
7288,Gift Wrapped Costume,,0
7289,Jack Frost Costume,,0
7290,Mistletoe Costume,,0
7291,Chevron,,0
7292,Winter Wig,,0
7293,Christmas Carol Book,,0
7294,Minipet Christmas Carols,,0
7295,Stolen Christmas,,0
7296,Snow Fight Trading Card,,0
7297,Christmas Day Costume,,0
7298,Christmas Pretzel,,0
7299,Windup Kuork,,0
7300,Santa Elf Costume,,0
7301,Elfember Costume,,0
7302,Red Gummy Kidlet,,0
7304,Chocolate Drops,,0
7306,Yogurt Sandwich,,0
7307,Fish and Rice,,0
7308,Daniel,,0
7309,Enchanted Black Oglue Plushie,,0
7310,Enchanted Green Oglue Plushie,,0
7311,Enchanted Grey Oglue Plushie,,0
7312,Enchanted Orange Oglue Plushie,,0
7313,Enchanted Pink Oglue Plushie,,0
7314,Enchanted Purple Oglue Plushie,,0
7315,Enchanted Red Oglue Plushie,,0
7316,Enchanted White Oglue Plushie,,0
7317,Enchanted Yellow Oglue Plushie,,0
7318,Enchanted Angel Poera Plushie,,0
7319,Enchanted Blue Poera Plushie,,0
7320,Enchanted Cheese Poera Plushie,,0
7321,Enchanted Green Poera Plushie,,0
7322,Enchanted Prison Poera Plushie,,0
7323,Enchanted Red Poera Plushie,,0
7324,Enchanted Sketch Poera Plushie,,0
7325,Enchanted Yellow Poera Plushie,,0
7327,Enchanted Cheese Sindi Plushie,,0
7328,Enchanted Love Sindi Plushie,,0
7329,Enchanted Mutant Sindi Plushie,,0
7330,Enchanted Prison Sindi Plushie,,0
7331,Enchanted Mutant Quell Plushie,,0
7332,Enchanted Plushie Quell Plushie,,0
7333,Enchanted Prison Quell Plushie,,0
7334,Fairy Chibs Plushie,,0
7335,Hobo Chibs Plushie,,0
7336,Fire Quell Plushie,,0
7337,Mutant Quell Plushie,,0
7338,Plushie Quell Plushie,,0
7339,Prison Quell Plushie,,0
7340,Cheese Sindi Plushie,,0
7341,Love Sindi Plushie,,0
7342,Mutant Sindi Plushie,,0
7343,Prison Sindi Plushie,,0
7344,Rotten Sindi Plushie,,0
7364,Blue Daisy Balloon,,0
7365,Green Daisy Balloon,,0
7366,Orange Daisy Balloon,,0
7367,Pink Daisy Balloon,,0
7368,Purple Daisy Balloon,,0
7369,Red Daisy Balloon,,0
7370,Yellow Daisy Balloon,,0
7371,Blue Dakota Balloon,,0
7372,Chocolate Sword,,0
7373,Dragula,,0
7374,Gardening Book,,0
7375,Last Battle,,0
7376,Grass Cookie,,0
7378,Blue Crindol Balloon,,0
7379,Baspinars Castle Shirt,,0
7380,Baspinars Castle Gumball,,0
7381,Baspinars Castle Potato,,0
7382,Jar of Worms,,0
7383,Newth Flippers,,0
7384,Baspinar Sword Plushie,,0
7385,Baspinars Castle Pearl,,0
7386,Grassy Axe,,0
7387,Grassy Shield,,0
7388,Royal Wig,,0
7389,Lioness Dress,,0
7390,King Baspinar Wig,,0
7391,Glass Costume,,0
7392,Santa Claws Trading Card,,0
7393,Snowman Twin Trading Card,,0
7394,Successful Trading Book,,0
7395,Yuni Teacher Book,,0
7396,Surviving Madness Book,,0
7397,Living in Puchalla Book,,0
7398,Lost Ruins Book,,0
7399,Old Candy Tree Book,,0
7400,Pirate Cave Book,,0
7401,Sad Snookle Book,,0
7402,Speiros Spiral Book,,0
7403,Sushi Trouble Book,,0
7404,The Golden Links Book,,0
7405,1000 Leagues Up Book,,0
7406,Under the Sea Book,,0
7407,Azul Day Off Book,,0
7408,Bakery Tips Book,,0
7409,Candy Mysteries Book,,0
7410,Climbing Mt Dukka Book,,0
7411,Eleka Era Book,,0
7412,Exchange Rates Book,,0
7413,The Fates Scissor Book,,0
7414,Flying with Walee Book,,0
7415,Glittering Goods Book,,0
7416,Green Waters Book,,0
7417,Haunted Festival Book,,0
7418,Hero Zero Book,,0
7419,Blue Sisters Volume 01,,0
7420,Blue Sisters Volume 02,,0
7421,House Cleaning Tunes,,0
7422,Daisy Dance Music,,0
7423,Dakota Stepping,,0
7424,Enpiah Space Music,,0
7425,Fasoro Flamenco,,0
7426,Hospital Music,,0
7427,Knutt House Music,,0
7428,Lowlyhood Classics,,0
7429,Lush Fountain New Age,,0
7430,Maradan Orchestra,,0
7431,Marching Band,,0
7432,Osafo Sing Along,,0
7433,Rainbow Chatters,,0
7434,Tantua Tango,,0
7435,Ugly Dance,,0
7436,Xoi Sing Along,,0
7437,Ziranek Electro Music,,0
7438,Zoink Sing Along,,0
7439,Lush Fountain Tinklings,,0
7440,DNA Messages,,0
7441,Fast Food Dilemma,,0
7442,Graveyard Horror,,0
7443,How to Sword Fight,,0
7444,Inside Elekas Prison,,0
7445,Behind the Scenes of Lowlyhood,,0
7446,Secret Door Mystery,,0
7447,Newth Love,,0
7448,Oopsy Daisy,,0
7449,Over the Rainbow,,0
7451,Romance in Marada,,0
7452,Sherlock Huthiq,,0
7453,Slater Park Adventure,,0
7465,Blue Zoink Balloon,,0
7466,Green Zoink Balloon,,0
7467,Orange Zoink Balloon,,0
7468,Pink Zoink Balloon,,0
7469,Purple Zoink Balloon,,0
7470,Red Zoink Balloon,,0
7471,Yellow Zoink Balloon,,0
7472,Blue Mordo Balloon,,0
7473,Green Mordo Balloon,,0
7474,Orange Mordo Balloon,,0
7475,Pink Mordo Balloon,,0
7476,Purple Mordo Balloon,,0
7477,Red Mordo Balloon,,0
7478,Yellow Mordo Balloon,,0
7479,Red Newth Balloon,,0
7480,Green Newth Balloon,,0
7481,Orange Newth Balloon,,0
7482,Pink Newth Balloon,,0
7485,Purple Newth Balloon,,0
7486,Yellow Newth Balloon,,0
7487,Blue Phanty Balloon,,0
7488,Green Phanty Balloon,,0
7489,Orange Phanty Balloon,,0
7490,Pink Phanty Balloon,,0
7491,Purple Phanty Balloon,,0
7492,Red Phanty Balloon,,0
7493,Yellow Phanty Balloon,,0
7494,Green Dakota Balloon,,0
7495,Orange Dakota Balloon,,0
7496,Pink Dakota Balloon,,0
7497,Purple Dakota Balloon,,0
7498,Red Dakota Balloon,,0
7499,Yellow Dakota Balloon,,0
7500,Blue Doyle Balloon,,0
7501,Green Doyle Balloon,,0
7502,Orange Doyle Balloon,,0
7503,Pink Doyle Balloon,,0
7504,Purple Doyle Balloon,,0
7505,Red Doyle Balloon,,0
7506,Yellow Doyle Balloon,,0
7507,Green Ercuw Balloon,,0
7508,Orange Ercuw Balloon,,0
7509,Pink Ercuw Balloon,,0
7510,Purple Ercuw Balloon,,0
7511,Red Ercuw Balloon,,0
7512,Yellow Ercuw Balloon,,0
7513,Blue Fasoro Balloon,,0
7514,Green Fasoro Balloon,,0
7515,Orange Fasoro Balloon,,0
7516,Pink Fasoro Balloon,,0
7517,Purple Fasoro Balloon,,0
7518,Red Fasoro Balloon,,0
7519,Yellow Fasoro Balloon,,0
7520,Christmas Addow Potion,,0
7521,Fairy Addow Potion,,0
7522,Funky Addow Potion,,0
7523,School Addow Potion,,0
7524,Snow Addow Potion,,0
7525,Wizard Addow Potion,,0
7526,Angel Azul Potion,,0
7527,Devil Azul Potion,,0
7528,Light Azul Potion,,0
7529,School Azul Potion,,0
7530,Witch Azul Potion,,0
7531,Dark Bolimo Potion,,0
7532,Elf Bolimo Potion,,0
7533,Love Bolimo Potion,,0
7534,Radioactive Bolimo Potion,,0
7535,Seasonal Bolimo Potion,,0
7536,Silver Bolimo Potion,,0
7537,Camouflage Doyle Potion,,0
7538,Clown Doyle Potion,,0
7539,Dalmatian Doyle Potion,,0
7540,Musical Doyle Potion,,0
7541,Radioactive Doyle Potion,,0
7542,Snow Doyle Potion,,0
7543,Armoured Feliz Potion,,0
7544,Millionaire Feliz Potion,,0
7545,Musical Feliz Potion,,0
7546,Rainbow Feliz Potion,,0
7547,Seasonal Feliz Potion,,0
7548,Stoneage Feliz Potion,,0
7549,Witch Feliz Potion,,0
7550,Black Gonk Potion,,0
7551,Blue Gonk Potion,,0
7552,Green Gonk Potion,,0
7553,Grey Gonk Potion,,0
7554,Orange Gonk Potion,,0
7555,Pink Gonk Potion,,0
7556,Purple Gonk Potion,,0
7557,Red Gonk Potion,,0
7558,White Gonk Potion,,0
7559,Stoneage Gonk Potion,,0
7560,Millionaire Gonk Potion,,0
7561,Ghost Gonk Potion,,0
7562,Eleka Gonk Potion,,0
7563,Camouflage Gonk Potion,,0
7564,Bronze Grint Potion,,0
7565,Clown Grint Potion,,0
7566,Gold Grint Potion,,0
7567,Love Grint Potion,,0
7568,Pirate Grint Potion,,0
7569,Plushie Grint Potion,,0
7570,Snow Grint Potion,,0
7571,Starry Grint Potion,,0
7572,Christmas Ideus Potion,,0
7575,Rotten Ideus Potion,,0
7576,Underwater Ideus Potion,,0
7577,Black Jessup Potion,,0
7578,Burnt Jessup Potion,,0
7579,Fat Jessup Potion,,0
7580,Ghost Jessup Potion,,0
7581,Grey Jessup Potion,,0
7582,Light Jessup Potion,,0
7583,Mermaid Jessup Potion,,0
7584,Seasonal Jessup Potion,,0
7585,Snow Jessup Potion,,0
7586,White Jessup Potion,,0
7587,Witch Jessup Potion,,0
7588,Skeleton Kidlet Potion,,0
7589,Witch Kidlet Potion,,0
7590,Chocolate Leido Potion,,0
7591,Fat Leido Potion,,0
7592,Old Leido Potion,,0
7593,Radioactive Leido Potion,,0
7594,Rotten Leido Potion,,0
7595,Silver Leido Potion,,0
7596,Sketch Leido Potion,,0
7597,Angel Chibs Potion,,0
7598,Burnt Chibs Potion,,0
7600,Dalmatian Chibs Potion,,0
7601,Ice Fairy Chibs Potion,,0
7602,Millionaire Chibs Potion,,0
7603,Old Chibs Potion,,0
7604,Pixie Chibs Potion,,0
7605,Royal Chibs Potion,,0
7606,School Chibs Potion,,0
7607,Shaved Chibs Potion,,0
7608,Snow Chibs Potion,,0
7609,Black Dakota Potion,,0
7610,Blue Dakota Potion,,0
7611,Green Dakota Potion,,0
7612,Grey Dakota Potion,,0
7613,Orange Dakota Potion,,0
7614,Pink Dakota Potion,,0
7615,Purple Dakota Potion,,0
7616,Red Dakota Potion,,0
7617,White Dakota Potion,,0
7618,Yellow Dakota Potion,,0
7619,Black Lati Potion,,0
7620,Blue Lati Potion,,0
7621,Green Lati Potion,,0
7622,Grey Lati Potion,,0
7624,Orange Lati Potion,,0
7625,Pink Lati Potion,,0
7626,Purple Lati Potion,,0
7627,Red Lati Potion,,0
7628,White Lati Potion,,0
7629,Witch Lati Potion,,0
7630,Yellow Lati Potion,,0
7631,Blue Doll,,0
7632,Black Doll,,0
7633,Green Doll,,0
7634,Grey Doll,,0
7635,Orange Doll,,0
7636,Pink Doll,,0
7637,Purple Doll,,0
7638,Red Doll,,0
7639,White Doll,,0
7640,Yellow Doll,,0
7641,Mashed Potato and Gravy,,0
7642,Nachos and Sauce,,0
7643,Bowl of Peanuts,,0
7644,Sweet Corn,,0
7645,Potato Wedges,,0
7646,Egg Muffin,,0
7647,Egg Sausage Bacon Muffin,,0
7648,Chicken Fajita,,0
7649,Lamb Fajita,,0
7650,Beef Fajita,,0
7651,Pork Fajita,,0
7653,Fried Bread,,0
7654,Garlic Bread,,0
7655,French Bread,,0
7656,Baguette,,0
7657,Mushy Peas,,0
7658,Bread and Cream,,0
7659,Candycane Cookies,,0
7660,Chewy Peanut Cake,,0
7661,Chocolate Covered Cookies,,0
7662,Chocolate Mousse and Cookies,,0
7664,Christmas Tree Cookie,,0
7665,Frozen Chicken Thigh,,0
7666,Frozen Lamb,,0
7667,Frozen Pepper,,0
7668,Frozen Pork Chop,,0
7669,Digital Equilor Potion,,0
7670,Millionaire Equilor Potion,,0
7671,Ninja Equilor Potion,,0
7672,Plant Equilor Potion,,0
7673,Radioactive Equilor Potion,,0
7674,Sponge Equilor Potion,,0
7675,Black Ercuw Potion,,0
7676,Blue Ercuw Potion,,0
7677,Green Ercuw Potion,,0
7678,Purple Ercuw Potion,,0
7679,Red Ercuw Potion,,0
7680,Yellow Ercuw Potion,,0
7681,Elf Ercuw Potion,,0
7682,Halloween Ercuw Potion,,0
7683,Light Ercuw Potion,,0
7684,Mermaid Ercuw Potion,,0
7685,Plushie Ercuw Potion,,0
7686,Pampered Ercuw Potion,,0
7687,Stoneage Ercuw Potion,,0
7688,Voodoo Ercuw Potion,,0
7689,Wizard Ercuw Potion,,0
7691,Angel Fasoro Potion,,0
7692,Cheese Fasoro Potion,,0
7693,Chocolate Fasoro Potion,,0
7694,Dark Fasoro Potion,,0
7695,Eleka Fasoro Potion,,0
7696,Elf Fasoro Potion,,0
7697,Fairy Fasoro Potion,,0
7698,Ghost Fasoro Potion,,0
7699,Glass Fasoro Potion,,0
7700,Gold Fasoro Potion,,0
7701,Gothic Fasoro Potion,,0
7702,Halloween Fasoro Potion,,0
7703,Love Fasoro Potion,,0
7704,Pixie Fasoro Potion,,0
7705,Radioactive Fasoro Potion,,0
7706,Seasonal Fasoro Potion,,0
7707,Shaved Fasoro Potion,,0
7708,Pampered Fasoro Potion,,0
7709,Voodoo Fasoro Potion,,0
7710,Angel Knutt Potion,,0
7711,Ghost Knutt Potion,,0
7712,Halloween Knutt Potion,,0
7713,Ice Knutt Potion,,0
7714,Ninja Knutt Potion,,0
7715,Recycled Knutt Potion,,0
7716,Snow Knutt Potion,,0
7717,Angel Murfin Potion,,0
7718,Camouflage Murfin Potion,,0
7719,Cheese Murfin Potion,,0
7720,Chocolate Murfin Potion,,0
7721,Devil Murfin Potion,,0
7722,Elf Murfin Potion,,0
7723,Ghost Murfin Potion,,0
7724,Insideout Murfin Potion,,0
7725,Pampered Murfin Potion,,0
7726,Starry Murfin Potion,,0
7727,Superhero Murfin Potion,,0
7728,Clown Osafo Potion,,0
7729,Old Osafo Potion,,0
7730,Princess Osafo Potion,,0
7731,Wizard Osafo Potion,,0
7736,Elekas Castle Potato,,0
7737,Elekas Castle Gumball,,0
7738,Elekas Castle Shirt,,0
7739,Voodoo Cookie,,0
7740,Chocolate Eleka,,0
7741,Eleka Wig,,0
7742,Queen Eleka Costume,,0
7743,Gothabilly Leggings,,0
7744,Shilpy,,0
7745,Spiked Axe,,0
7746,Horned Shield,,0
7747,History of Queen Eleka,,0
7748,Voodoo Book,,0
7749,Elekas Castle Pearl,,0
7750,Eleka Gonk Plushie,,0
7751,Eleka Teeth,,0
7752,Jar of Eleka Castle Water,,0
7753,Toy Shop Stamp,,0
7754,Undying Woods Stamp,,0
7755,Wig Shop Stamp,,0
7756,Sunglasses Shop Stamp,,0
7757,Viotto Stamp,,0
7758,Witch Huthiq Stamp,,0
7759,Zoink Stamp,,0
7760,Chibs Stamp,,0
7761,Daisy Stamp,,0
7762,Dakota Stamp,,0
7763,Ercuw Stamp,,0
7764,Oglue Stamp,,0
7765,Snookle Stamp,,0
7766,Ideus Stamp,,0
7767,Lati Stamp,,0
7768,Quell Stamp,,0
7769,Phanty Stamp,,0
7771,Blue Rusty Stamp,,0
7772,Sindi Stamp,,0
7773,Speiro Stamp,,0
7774,Sponge Xoi Stamp,,0
7775,Baby Renat Stamp,,0
7776,Cheese Stamp,,0
7777,Cheese Poera Stamp,,0
7778,Crindol Stamp,,0
7779,Eleka Castle Stamp,,0
7780,Planet Enpiah Stamp,,0
7781,Ghost Gonk Stamp,,0
7782,Insideout Yuni Stamp,,0
7783,Lowlyhood Stamp,,0
7784,Slater Park Stamp,,0
7785,Candy Shop Stamp,,0
7786,Car Parts Stamp,,0
7787,Contact Lenses Shop Stamp,,0
7788,Costumes Shop Stamp,,0
7789,Hair Dye Shop Stamp,,0
7790,Lipstick Shop Stamp,,0
7791,Magic Shop Stamp,,0
7792,Chinese Costume,,0
7793,Chinese New Year Book,,0
7794,Dragon Dance,,0
7795,Year of the Rat,,0
7796,Rat,,0
7797,Three Quarters of a Christmas Pizza,,0
7798,Three Quarters of a Candycane Pizza,,0
7799,Half of a Candycane Pizza,,0
7800,Half of a Christmas Pizza,,0
7801,One Slice of Christmas Pizza,,0
7802,One Slice of Candycane Pizza,,0
7803,Apple Gift,,0
7804,Chocolate Strawberry Treats,,0
7805,Apple Crumble,,0
7806,Lemon Fish Steak,,0
7808,Duck with Sauce,,0
7809,Creamy Leek Soup,,0
7810,Roast Pork,,0
7811,Gothic Photo Album,,0
7812,Ice Cream and Candy,,0
7813,Zetzilla Attacks,,0
7814,Huthiq Invasion,,0
7815,Christmas Pizza,,0
7816,Betsoni Trading Card,,0
7817,Perchuka Trading Card,,0
7818,Yeti Trading Card,,0
7819,Punk Classics,,0
7820,Heart and Bones,,0
7821,Green Gummy Crindol,,0
7822,Orange Gummy Crindol,,0
7823,Red Gummy Crindol,,0
7824,Yellow Gummy Crindol,,0
7825,Green Gummy Daisy,,0
7826,Orange Gummy Daisy,,0
7827,Red Gummy Daisy,,0
7828,Yellow Gummy Daisy,,0
7829,Green Gummy Dakota,,0
7830,Orange Gummy Dakota,,0
7831,Red Gummy Dakota,,0
7832,Yellow Gummy Dakota,,0
7833,Green Gummy Ercuw,,0
7834,Orange Gummy Ercuw,,0
7835,Red Gummy Ercuw,,0
7836,Yellow Gummy Ercuw,,0
7837,Green Gummy Kidlet,,0
7838,Orange Gummy Kidlet,,0
7841,Yellow Gummy Kidlet,,0
7842,Green Gummy Snookle,,0
7843,Orange Gummy Snookle,,0
7844,Red Gummy Snookle,,0
7845,Yellow Gummy Snookle,,0
7846,Cheese,,0
7847,Maple Mousse Pie,,0
7848,Chocolate Sugarcone,,0
7849,Vanilla Sugarcone,,0
7850,Strawberry Sugarcone,,0
7851,Chocolate and Cream Cone,,0
7852,Grape Ice Cream Cone,,0
7853,Chocolate Pear,,0
7854,Chocolate Sticks,,0
7855,Chocolate Marshmallow,,0
7856,Gift Wrapped Chocolate,,0
7857,Chocolate Truffles,,0
7858,Chocolate Strawberry Parfait,,0
7859,Snowflake Balloon,,0
7860,Chicken with Shallots,,0
7861,Duck with Shallots,,0
7862,Quail with Potato,,0
7863,Pull Along Dracone,,0
7864,Fatty Spring Toy,,0
7865,Gutur Action Figure,,0
7866,Hippow,,0
7867,Sheepbow,,0
7868,Canning Book,,0
7869,Rusty Twins Stamp,,0
7870,Rusty Twins Plushie,,0
7871,Glass Shield,,0
7872,Can Collecting,,0
7873,Rusty Twins Shirt,,0
7874,Country Potato,,0
7875,Glass Sword,,0
7884,Black Rusty Potion,,0
7885,Blue Rusty Potion,,0
7886,Green Rusty Potion,,0
7887,Grey Rusty Potion,,0
7888,Orange Rusty Potion,,0
7889,Pink Rusty Potion,,0
7890,Purple Rusty Potion,,0
7891,Red Rusty Potion,,0
7892,White Rusty Potion,,0
7893,Yellow Rusty Potion,,0
7894,Glass Dakota Potion,,0
7895,Christmas Newth Potion,,0
7896,Elf Newth Potion,,0
7897,Halloween Newth Potion,,0
7898,Pirate Newth Potion,,0
7899,Princess Newth Potion,,0
7900,Snow Newth Potion,,0
7901,Superhero Newth Potion,,0
7902,Water Newth Potion,,0
7903,Bronze Ushunda Potion,,0
7904,Camouflage Ushunda Potion,,0
7905,Checkered Ushunda Potion,,0
7906,Halloween Ushunda Potion,,0
7907,Plant Ushunda Potion,,0
7908,Seasonal Ushunda Potion,,0
7909,Sketch Ushunda Potion,,0
7910,Snow Ushunda Potion,,0
7911,Clown Walee Potion,,0
7912,Ghost Walee Potion,,0
7913,Millionaire Walee Potion,,0
7914,Radioactive Walee Potion,,0
7915,Shaved Walee Potion,,0
7916,Burnt Yakubi Potion,,0
7917,Digital Yakubi Potion,,0
7918,Fire Yakubi Potion,,0
7919,Ghost Yakubi Potion,,0
7920,Pirate Yakubi Potion,,0
7921,Snow Yakubi Potion,,0
7922,Christmas Zetlian Potion,,0
7923,Halloween Zetlian Potion,,0
7924,Mermaid Zetlian Potion,,0
7926,Rainbow Zetlian Potion,,0
7927,Sketch Zetlian Potion,,0
7928,Space Zetlian Potion,,0
7929,School Supplies Shop Stamp,,0
7930,Chocolate Shop Stamp,,0
7931,Female Clothing Shop Stamp,,0
7932,Male Clothing Shop Stamp,,0
7933,Female Shoe Shop Stamp,,0
7934,Male Shoe Shop Stamp,,0
7935,Jewellery Shop Stamp,,0
7936,Meat Shop Stamp,,0
7937,Medicine Shop Stamp,,0
7938,Minipet Shop Stamp,,0
7939,Minipet Food Shop Stamp,,0
7940,Treasure Map Shop Stamp,,0
7941,Spell Shop Stamp,,0
7942,Scratchcards Stamp,,0
7943,Pottery Shop Stamp,,0
7944,Pizza Shop Stamp,,0
7945,Heart Plushie,,0
7946,Cherub,,0
7947,Valentine Cake,,0
7948,Heart Cup Cake,,0
7949,Red Heart Lolly,,0
7950,Blue Heart Balloon,,0
7951,Plastic Heart Arrows,,0
7952,Purple Heart Lolly,,0
7953,Orange Heart Lolly,,0
7954,Yellow Heart Lolly,,0
7955,Pink Heart Lolly,,0
7956,Strawberry Shortcake,,0
7957,Valentine Chocolates Gift,,0
7958,Double Chocolate Hearts,,0
7959,Chocolate Hearts,,0
7960,Mint Chocolate Hearts,,0
7961,Valentines Cheesecake,,0
7962,Heart Jelly Terrine,,0
7963,Country Terrine,,0
7964,Gift Wrapped Chocolate Heart,,0
7965,Blue Valentines Balloon,,0
7966,Red Valentines Balloon,,0
7967,Red Heart Balloon,,0
7968,Black Chibs Photo,,0
7969,Blue Chibs Photo,,0
7970,Orange Chibs Photo,,0
7971,Grey Chibs Photo,,0
7972,Red Chibs Photo,,0
7973,Yellow Chibs Photo,,0
7974,Blue Doyle Photo,,0
7975,Green Doyle Photo,,0
7976,Grey Doyle Photo,,0
7977,Red Doyle Photo,,0
7978,Yellow Doyle Photo,,0
7979,Blue Equilor Photo,,0
7980,Green Equilor Photo,,0
7981,Orange Equilor Photo,,0
7982,Red Equilor Photo,,0
7983,Yellow Equilor Photo,,0
7984,Blue Feliz Photo,,0
7985,Green Feliz Photo,,0
7986,Grey Feliz Photo,,0
7987,Orange Feliz Photo,,0
7988,Pink Feliz Photo,,0
7989,Purple Feliz Photo,,0
7990,Red Feliz Photo,,0
7991,Blue Grint Photo,,0
7992,Green Grint Photo,,0
7993,Orange Grint Photo,,0
7994,Pink Grint Photo,,0
7995,Purple Grint Photo,,0
7996,Red Grint Photo,,0
7997,Yellow Grint Photo,,0
7998,Blue Huthiq Photo,,0
7999,Green Huthiq Photo,,0
8000,Orange Huthiq Photo,,0
8001,Purple Huthiq Photo,,0
8002,Red Huthiq Photo,,0
8003,Yellow Huthiq Photo,,0
8004,Blue Phanty Photo,,0
8005,Green Phanty Photo,,0
8006,Grey Phanty Photo,,0
8007,Orange Phanty Photo,,0
8008,Pink Phanty Photo,,0
8009,Purple Phanty Photo,,0
8010,Red Phanty Photo,,0
8011,Yellow Phanty Photo,,0
8012,Blue Sindi Photo,,0
8013,Green Sindi Photo,,0
8014,Grey Sindi Photo,,0
8015,Purple Sindi Photo,,0
8016,Red Sindi Photo,,0
8017,Yellow Sindi Photo,,0
8026,Acidic Charm,,0
8027,Addow Ear Charm,,0
8028,Azul Eye Charm,,0
8029,Bolimo Tail Charm,,0
8030,Chibs Eye Charm,,0
8031,Chibs Hair Charm,,0
8032,Claw Charm,,0
8033,Comet Charm,,0
8034,Crindol Wing Charm,,0
8035,Dakota Tail Charm,,0
8036,Equilor Fin Charm,,0
8037,Fire Shower Charm,,0
8038,Fire Charm,,0
8039,Leaf Charm,,0
8040,Meteorite Charm,,0
8041,Feliz Paw Charm,,0
8042,Poera Tooth Charm,,0
8043,Speiro Wing Charm,,0
8044,Ushunda Tentacles Charm,,0
8045,Fugunzel Treasure Map 01,,0
8046,Fugunzel Treasure Map 02,,0
8047,Fugunzel Treasure Map 03,,0
8048,Fugunzel Treasure Map 04,,0
8049,Fugunzel Treasure Map 05,,0
8050,Fugunzel Treasure Map 06,,0
8051,Fugunzel Treasure Map 07,,0
8052,Fugunzel Treasure Map 08,,0
8053,Fugunzel Treasure Map 09,,0
8054,Fugunzel Treasure Map 10,,0
8055,Fugunzel Treasure Map 11,,0
8056,Fugunzel Treasure Map 12,,0
8057,Fugunzel Treasure Map 13,,0
8058,Fugunzel Treasure Map 14,,0
8059,Fugunzel Treasure Map 15,,0
8060,Fugunzel Treasure Map 16,,0
8061,Queen Eleka Potato,,0
8062,Lightning Book,,0
8063,Electro Music,,0
8064,Lightning Costume,,0
8065,Lightning Stamp,,0
8066,Snookle Electric Storm,,0
8067,Elektro,,0
8068,Liiing,,0
8069,Red Planet,,0
8070,Enpiah Daisy Stamp,,0
8071,Enpiah Costume,,0
8072,Rocket Sounds,,0
8073,Enpiah Law Book,,0
8074,Fugunzel Shirt,,0
8075,Blue Troit Potion,,0
8076,Green Troit Potion,,0
8077,Red Troit Potion,,0
8078,Yellow Troit Potion,,0
8079,Black Troit Potion,,0
8080,Grey Troit Potion,,0
8081,Orange Troit Potion,,0
8082,Purple Troit Potion,,0
8083,White Troit Potion,,0
8084,Book of Charms,,0
8085,Slime Costume,,0
8086,Winged Sword,,0
8087,Fugunzel Plushie,,0
8088,Charms Stamp,,0
8089,Using Charms,,0
8090,Fugunzel Action Figure,,0
8091,Winged Shield,,0
8104,Fishing Easter Egg,,0
8105,King Baspinar Easter Egg,,0
8106,Ice Caves Easter Egg,,0
8107,Trotter Easter Egg,,0
8109,Baspinar Castle Easter Egg,,0
8110,Puchalla Village Easter Egg,,0
8111,Blitzen Easter Egg,,0
8112,Battle Arena Easter Egg,,0
8113,Marada Easter Egg,,0
8114,Clam Easter Egg,,0
8115,Knutt Knight Easter Egg,,0
8116,Lowlyhood Easter Egg,,0
8117,Undying Woods Easter Egg,,0
8118,The Leprechaun Easter Egg,,0
8119,Biala Easter Egg,,0
8120,Snowmans Easter Egg,,0
8121,Lush Lake Easter Egg,,0
8122,Smugglers Easter Egg,,0
8123,Ziranek Easter Egg,,0
8124,Gigantic Paradise Easter Egg,,0
8125,Repair Geek Easter Egg,,0
8126,Eleka Castle Easter Egg,,0
8127,Jenoa Easter Egg,,0
8128,Queen Eleka Easter Egg,,0
8129,Whirlpool Easter Egg,,0
8130,The Fates Easter Egg,,0
8131,Slater Park Easter Egg,,0
8132,Rapunzel Easter Egg,,0
8133,Enpiah Easter Egg,,0
8134,Farm Easter Egg,,0
8135,Ublish Easter Egg,,0
8136,Garage Easter Egg,,0
8137,Elger Easter Egg,,0
8138,Gym Easter Egg,,0
8139,Santa Claws Easter Egg,,0
8140,Candytree Easter Egg,,0
8141,Easter Egg Plushie,,0
8142,Egg Recipe Book,,0
8143,Chook,,0
8144,The Egg,,0
8145,Broken Egg Pearl,,0
8146,Fried Egg Plushie,,0
8147,Fried Eggs Book,,0
8148,Happy Easter Stamp,,0
8149,Funky Egg Hits,,0
8150,Easter Egg Pearl,,0
8152,Eggy,,0
8153,Flying Eggs,,0
8155,Easter Egg Collectors Stamp,,0
8164,Crindol Ruler,,0
8165,Daisy Ruler,,0
8166,Dakota Ruler,,0
8167,Ercuw Ruler,,0
8168,Gonk Ruler,,0
8169,Huthiq Ruler,,0
8170,Ideus Ruler,,0
8171,Kidlet Ruler,,0
8172,Kronk Ruler,,0
8173,Lati Ruler,,0
8174,Mordo Ruler,,0
8175,Oglue Ruler,,0
8176,Phanty Ruler,,0
8177,Poera Ruler,,0
8178,Quell Ruler,,0
8179,Renat Ruler,,0
8180,Rusty Ruler,,0
8181,Sindi Ruler,,0
8182,Snookle Ruler,,0
8183,Speiro Ruler,,0
8184,Xoi Ruler,,0
8185,Yuni Ruler,,0
8186,Zoink Ruler,,0
8204,Chocolate Whirlpool,,0
8205,Jenoa Balloon,,0
8206,Fish Bread,,0
8207,Jenoa Shirt,,0
8208,Jenoa Gumball,,0
8209,Jenoa Potato,,0
8210,Jar of Fish Eyes,,0
8224,Crindol Notepad,,0
8225,Daisy Notepad,,0
8226,Dakota Notepad,,0
8227,Ercuw Notepad,,0
8228,Gonk Notepad,,0
8229,Huthiq Notepad,,0
8230,Ideus Notepad,,0
8231,Kidlet Notepad,,0
8232,Kronk Notepad,,0
8233,Lati Notepad,,0
8234,Mordo Notepad,,0
8235,Oglue Notepad,,0
8236,Phanty Notepad,,0
8237,Poera Notepad,,0
8238,Quell Notepad,,0
8239,Renat Notepad,,0
8240,Rusty Notepad,,0
8241,Sindi Notepad,,0
8242,Snookle Notepad,,0
8243,Speiro Notepad,,0
8244,Viotto Notepad,,0
8245,Xoi Notepad,,0
8246,Yuni Notepad,,0
8247,Chocolate Dukka Coin,,0
8248,Jar of Dukka Coins,,0
8249,Dukka Caves Potato,,0
8250,Dukka Caves Gumball,,0
8251,Dukka Caves Shirt,,0
8252,Dukka Rock Cookies,,0
8253,Prison Balloon,,0
8264,Cotton Candy Costume,,0
8265,Punk Costume,,0
8284,Cotton Candy Sindi Potion,,0
8285,Cotton Candy Kidlet Potion,,0
8286,Floss,,0
8287,Candy Floss Trading Card,,0
8288,Guide to Candy Book,,0
8289,Candy Music,,0
8290,Cotton Candy Pearl,,0
8304,Punk Tantua Potion,,0
8305,Punk Sindi Potion,,0
8306,Punk Pearl,,0
8307,Punk Music,,0
8308,Being a Punk Book,,0
8309,Punk Xoi Trading Card,,0
8310,Punk,,0
8324,Biala Wig,,0
8344,Jenoa Goals Plushie,,0
8345,Jenoa Pearl,,0
8346,Halloween Kronk Potion,,0
8347,Sponge Kronk Potion,,0
8348,Checkered Poera Potion,,0
8349,Cheese Poera Potion,,0
8350,Ghost Poera Potion,,0
8351,Halloween Poera Potion,,0
8352,Ice Poera Potion,,0
8353,Sketch Poera Potion,,0
8354,Witch Poera Potion,,0
8355,Ghost Zoink Potion,,0
8356,Baby Huthiq Potion,,0
8357,Gothic Huthiq Potion,,0
8358,Mermaid Huthiq Potion,,0
8359,Orange Huthiq Potion,,0
8360,Digital Huthiq Potion,,0
8361,Purple Huthiq Potion,,0
8362,Seasonal Huthiq Potion,,0
8363,Skater Huthiq Potion,,0
8364,Skeleton Huthiq Potion,,0
8365,Sketch Huthiq Potion,,0
8366,Witch Huthiq Potion,,0
8367,Ice Oglue Potion,,0
8368,Seasonal Oglue Potion,,0
8369,Ice Fairy Yuni Potion,,0
8370,Insideout Yuni Potion,,0
8371,Plant Yuni Potion,,0
8372,Toddler Yuni Potion,,0
8373,Witch Yuni Potion,,0
8374,Eleka Viotto Potion,,0
8375,Rainbow Viotto Potion,,0
8376,Recycled Viotto Potion,,0
8377,Seasonal Viotto Potion,,0
8378,Starry Viotto Potion,,0
8379,Clown Potato,,0
8380,Clown Shirt,,0
8381,Balloon Costume,,0
8382,Circus Plushie,,0
8383,Balloon Shield,,0
8384,Clown Attack,,0
8385,Clown History Book,,0
8386,Circus Stamp,,0
8387,Balloon Sword,,0
8388,Jack in the Box,,0
8389,Black Zoosh Potion,,0
8390,Blue Zoosh Potion,,0
8391,Green Zoosh Potion,,0
8392,Grey Zoosh Potion,,0
8393,Orange Zoosh Potion,,0
8394,Red Zoosh Potion,,0
8395,White Zoosh Potion,,0
8396,Yellow Zoosh Potion,,0
8414,Magic Booster,,0
8415,Spaghetti Pizza,,0
8416,Octopus with Apple,,0
8417,Rainbow Swirl Ice Cream,,0
8418,Strawberry Mountain Cake,,0
8419,Balloon Party,,0
8420,Level Booster,,0
8421,Health Booster,,0
8422,Strength Booster,,0
8423,Defence Booster,,0
8424,Speed Booster,,0
8444,Dukka Caves Hat,,0
8445,Pirate Dress,,0
8446,Dukka Pirate Costume,,0
8447,Charley,,0
8448,Stalactite Sword,,0
8449,Stalactite Shield,,0
8450,Treasure,,0
8452,Dukka Goals Book,,0
8453,Dukka Caves Pearl,,0
8454,Dukka Goals Plushie,,0
8464,Rune A,,0
8465,Rune AE,,0
8466,Rune B,,0
8467,Rune C,,0
8468,Rune D,,0
8469,Rune E,,0
8470,Rune F,,0
8471,Rune G,,0
8472,Rune H,,0
8473,Rune I,,0
8474,Rune J,,0
8475,Rune K,,0
8476,Rune L,,0
8477,Rune M,,0
8478,Rune N,,0
8479,Rune O,,0
8480,Rune P,,0
8481,Rune Q,,0
8482,Rune R,,0
8483,Rune S,,0
8484,Rune T,,0
8485,Rune U,,0
8486,Rune W,,0
8487,Rune Z,,0
8488,Simerian Explorer Treasure Map 01,,0
8489,Simerian Explorer Treasure Map 02,,0
8490,Simerian Explorer Treasure Map 03,,0
8491,Simerian Explorer Treasure Map 04,,0
8492,Simerian Explorer Treasure Map 05,,0
8493,Simerian Explorer Treasure Map 06,,0
8494,Simerian Explorer Treasure Map 07,,0
8495,Simerian Explorer Treasure Map 08,,0
8496,Simerian Explorer Treasure Map 10,,0
8498,Simerian Explorer Treasure Map 11,,0
8499,Simerian Explorer Treasure Map 12,,0
8500,Simerian Explorer Treasure Map 13,,0
8501,Simerian Explorer Treasure Map 14,,0
8502,Simerian Explorer Treasure Map 15,,0
8503,Simerian Explorer Treasure Map 16,,0
8504,Simerian Explorer Treasure Map 09,,0
8524,Light Fairy Costume,,0
8525,Safari Costume,,0
8526,Explorer Stamp,,0
8527,Light Fairy Wings Stamp,,0
8529,Light Fairy Book,,0
8530,Light Fairy Sonnets,,0
8544,Secrets of Simeria Book,,0
8545,Exploring Music,,0
8546,Plynx,,0
8547,Explorer Pearl,,0
8550,Peiko,,0
8551,Light Fairy Pearl,,0
8564,Pull Along Paffuto,,0
8565,Jenoa Wig,,0
8566,Flab Costume,,0
8567,Flab Mask,,0
8568,James,,0
8569,Jenoan Sword,,0
8570,Jenoan Shield,,0
8571,Under the Sea,,0
8572,Jenoan Tales,,0
8584,Mummy Bread,,0
8585,Simerian Necklace,,0
8586,Orange Sabertooth Tail Bone,,0
8587,Grey Sabertooth Tail Bone,,0
8588,Pink Sabertooth Tail Bone,,0
8589,Purple Sabertooth Tail Bone,,0
8590,Red Sabertooth Tail Bone,,0
8591,White Sabertooth Tail Bone,,0
8592,Yellow Sabertooth Tail Bone,,0
8593,Blue Sabertooth Tail Bone,,0
8594,Green Sabertooth Tail Bone,,0
8595,Black Sabertooth Femur,,0
8596,Blue Sabertooth Femur,,0
8597,Green Sabertooth Femur,,0
8598,Grey Sabertooth Femur,,0
8599,Orange Sabertooth Femur,,0
8600,Pink Sabertooth Femur,,0
8601,Purple Sabertooth Femur,,0
8602,Red Sabertooth Femur,,0
8603,White Sabertooth Femur,,0
8604,Yellow Sabertooth Femur,,0
8605,Black Sabertooth Humerus,,0
8606,Blue Sabertooth Humerus,,0
8607,Green Sabertooth Humerus,,0
8608,Grey Sabertooth Humerus,,0
8609,Orange Sabertooth Humerus,,0
8610,Pink Sabertooth Humerus,,0
8611,Purple Sabertooth Humerus,,0
8612,Red Sabertooth Humerus,,0
8613,White Sabertooth Humerus,,0
8614,Yellow Sabertooth Humerus,,0
8615,Black Sabertooth Skull,,0
8616,Blue Sabertooth Skull,,0
8617,Green Sabertooth Skull,,0
8618,Grey Sabertooth Skull,,0
8619,Orange Sabertooth Skull,,0
8620,Pink Sabertooth Skull,,0
8621,Purple Sabertooth Skull,,0
8622,Red Sabertooth Skull,,0
8623,White Sabertooth Skull,,0
8624,Yellow Sabertooth Skull,,0
8625,Black Sabertooth Thorax,,0
8626,Blue Sabertooth Thorax,,0
8627,Green Sabertooth Thorax,,0
8628,Grey Sabertooth Thorax,,0
8629,Orange Sabertooth Thorax,,0
8630,Pink Sabertooth Thorax,,0
8631,Purple Sabertooth Thorax,,0
8632,Red Sabertooth Thorax,,0
8633,White Sabertooth Thorax,,0
8634,Yellow Sabertooth Thorax,,0
8635,Yellow Sabertooth,,0
8636,White Sabertooth,,0
8637,Red Sabertooth,,0
8638,Purple Sabertooth,,0
8639,Pink Sabertooth,,0
8640,Orange Sabertooth,,0
8641,Grey Sabertooth,,0
8642,Green Sabertooth,,0
8643,Blue Sabertooth,,0
8644,Black Sabertooth,,0
8664,Black Sabertooth Tail Bone,,0
8689,Wooden Temple,,0
8704,Simerian Key 01,,0
8705,Simerian Key 02,,0
8706,Simerian Key 03,,0
8707,Simerian Key 04,,0
8708,Simerian Key 05,,0
8709,Simerian Key 06,,0
8710,Simerian Key 07,,0
8711,Simerian Key 08,,0
8712,Simerian Key 09,,0
8713,Simerian Key 10,,0
8714,Simerian Key 11,,0
8715,Simerian Key 12,,0
8716,Simerian Key 13,,0
8717,Simerian Key 14,,0
8718,Simerian Key 15,,0
8719,Simerian Key 16,,0
8720,Simerian Key 17,,0
8721,Simerian Key 18,,0
8722,Simerian Key 19,,0
8723,Simerian Key 20,,0
8724,Simerian Key 21,,0
8725,Simerian Key 22,,0
8726,Simerian Key 23,,0
8727,Simerian Key 24,,0
8728,Simerian Key 25,,0
8729,Simerian Key 26,,0
8730,Simerian Key 27,,0
8731,Simerian Key 28,,0
8732,Simerian Key 29,,0
8733,Simerian Key 30,,0
8734,Simerian Key 31,,0
8735,Simerian Key 32,,0
8736,Simerian Key 33,,0
8737,Simerian Key 34,,0
8738,Simerian Key 35,,0
8739,Simerian Key 36,,0
8740,Simerian Key 37,,0
8741,Simerian Key 38,,0
8742,Simerian Key 39,,0
8744,Simerian Key 40,,0
8745,Simerian Key 41,,0
8746,Simerian Key 42,,0
8747,Simerian Key 43,,0
8748,Simerian Key 44,,0
8749,Simerian Key 45,,0
8750,Simerian Key 46,,0
8751,Simerian Key 47,,0
8752,Simerian Key 48,,0
8753,Simerian Key 49,,0
8754,Simerian Key 50,,0
8764,Simerian Pot,,0
8765,Addow Mummy Doll,,0
8766,Azul Mummy Doll,,0
8767,Bolimo Mummy Doll,,0
8768,Chibs Mummy Doll,,0
8769,Crindol Mummy Doll,,0
8770,Daisy Mummy Doll,,0
8771,Dakota Mummy Doll,,0
8772,Doyle Mummy Doll,,0
8773,Equilor Mummy Doll,,0
8774,Ercuw Mummy Doll,,0
8775,Fasoro Mummy Doll,,0
8776,Feliz Mummy Doll,,0
8777,Gonk Mummy Doll,,0
8778,Grint Mummy Doll,,0
8779,Huthiq Mummy Doll,,0
8780,Ideus Mummy Doll,,0
8781,Jessup Mummy Doll,,0
8782,Knutt Mummy Doll,,0
8783,Kronk Mummy Doll,,0
8784,Lati Mummy Doll,,0
8785,Leido Mummy Doll,,0
8786,Mordo Mummy Doll,,0
8787,Murfin Mummy Doll,,0
8788,Newth Mummy Doll,,0
8789,Oglue Mummy Doll,,0
8790,Osafo Mummy Doll,,0
8791,Paffuto Mummy Doll,,0
8792,Poera Mummy Doll,,0
8793,Quell Mummy Doll,,0
8794,Reese Mummy Doll,,0
8795,Renat Mummy Doll,,0
8796,Rofling Mummy Doll,,0
8797,Rusty Mummy Doll,,0
8798,Sindi Mummy Doll,,0
8799,Tantua Mummy Doll,,0
8800,Ushunda Mummy Doll,,0
8801,Viotto Mummy Doll,,0
8802,Walee Mummy Doll,,0
8803,Xoi Mummy Doll,,0
8804,Yakubi Mummy Doll,,0
8805,Yuni Mummy Doll,,0
8806,Zetlian Mummy Doll,,0
8807,Zoosh Mummy Doll,,0
8808,Mummy Book,,0
8824,Chocolate Glowing Egg,,0
8825,Ziranek Balloon,,0
8826,Ziranek Cake,,0
8827,Ziranek Shirt,,0
8828,Ziranek Gumball,,0
8829,Ziranek Potato,,0
8830,Jar of Data,,0
8831,Pull Along Vikee,,0
8832,Ziranek Goals Plushie,,0
8833,Ziranek Pearl,,0
8834,Black Battery,,0
8835,Blue Battery,,0
8836,Green Battery,,0
8837,Grey Battery,,0
8838,Orange Battery,,0
8839,Pink Battery,,0
8840,Purple Battery,,0
8841,Red Battery,,0
8842,White Battery,,0
8843,Yellow Battery,,0
8844,Purple D Battery,,0
8845,Black D Battery,,0
8846,Blue D Battery,,0
8847,Green D Battery,,0
8848,Grey D Battery,,0
8849,Orange D Battery,,0
8850,Pink D Battery,,0
8851,Red D Battery,,0
8852,White D Battery,,0
8853,Yellow D Battery,,0
8854,Black AA Battery,,0
8855,Blue AA Battery,,0
8856,Green AA Battery,,0
8857,Grey AA Battery,,0
8858,Orange AA Battery,,0
8859,Pink AA Battery,,0
8860,Purple AA Battery,,0
8861,Red AA Battery,,0
8862,White AA Battery,,0
8863,Yellow AA Battery,,0
8864,Black Watch Battery,,0
8865,Blue Watch Battery,,0
8866,Green Watch Battery,,0
8867,Grey Watch Battery,,0
8868,Orange Watch Battery,,0
8869,Pink Watch Battery,,0
8870,Purple Watch Battery,,0
8871,Red Watch Battery,,0
8872,White Watch Battery,,0
8873,Yellow Watch Battery,,0
8884,Mummy Cake,,0
8904,Hieroglyphic A,,0
8905,Hieroglyphic B,,0
8906,Hieroglyphic C,,0
8907,Hieroglyphic D,,0
8908,Hieroglyphic E,,0
8909,Hieroglyphic F,,0
8910,Hieroglyphic G,,0
8911,Hieroglyphic J,,0
8912,Hieroglyphic K,,0
8913,Hieroglyphic L,,0
8914,Hieroglyphic M,,0
8915,Hieroglyphic N,,0
8916,Hieroglyphic O,,0
8917,Hieroglyphic P,,0
8918,Hieroglyphic Q,,0
8919,Hieroglyphic S,,0
8920,Hieroglyphic T,,0
8921,Hieroglyphic U,,0
8922,Hieroglyphic V,,0
8923,Hieroglyphic W,,0
8924,Hieroglyphic Y,,0
8925,Hieroglyphic Z,,0
8926,Simerian Vase,,0
8927,Hieroglyphic Toy Blocks,,0
8928,Simerian Bracelet,,0
8929,Simerian History Vol 01,,0
8930,Chocolate Palm Tree,,0
8931,Minipet Island Balloon,,0
8932,Island Cake,,0
8933,Sand Book,,0
8934,Minipet Island Pearl,,0
8935,Minipet Island Goals Plushie,,0
8936,Island Shells,,0
8937,Jar of Shells,,0
8938,Minipet Island Potato,,0
8939,Minipet Island Gumball,,0
8940,Minipet Island Shirt,,0
8944,Stamina Booster,,0
8945,Coordination Booster,,0
8946,Balance Booster,,0
8947,Missions Giftbox,,0
8948,Ice Caves Giftbox,,0
8949,Archeology Giftbox,,0
8964,4 Years Balloon,,0
8965,4 Years Cake,,0
8966,4 Years Stamp,,0
8984,Stone Lava Cake,,0
9004,Mean Fairy Doll,,0
9024,Mummy Dance,,0
9028,Horus,,0
9031,The Mummy,,0
9032,Poseidon Trading Card,,0
9044,Simerian History Vol 02,,0
9045,Antique Jug,,0
9046,Trojan Horse,,0
9047,Simerian Crown,,0
9048,Gazillionaire,,0
9049,Mummy Costume,,0
9050,Peaceful Serenade,,0
9051,Elder Trading Card,,0
9052,Runes Book,,0
9053,Simerian Pearl,,0
9054,Simerian Sea Stamp,,0
9055,Zeus Trading Card,,0
9056,Ruins,,0
9057,Anubis,,0
9058,Temple Tunes,,0
9059,Staff of the Light Fairy,,0
9060,Ballee,,0
9061,Beebot,,0
9062,Bugged,,0
9063,Bulb,,0
9064,Cyborg,,0
9065,Destroyer,,0
9066,Fishbot,,0
9067,Lovebot,,0
9068,Slavebot,,0
9069,Snailbot,,0
9070,Spydar,,0
9071,Wheelee,,0
9072,Sobek,,0
9073,Simeria,,0
9074,Venus Trading Card,,0
9075,Ruins Music,,0
9076,Transubstantiation Stamp,,0
9077,Transformation Stamp,,0
9078,Transmogrification Stamp,,0
9084,Black Fertiliser,,0
9085,Blue Fertiliser,,0
9086,Brown Fertiliser,,0
9087,Green Fertiliser,,0
9088,Grey Fertiliser,,0
9089,Orange Fertiliser,,0
9090,Pink Fertiliser,,0
9091,Red Fertiliser,,0
9092,White Fertiliser,,0
9093,Yellow Fertiliser,,0
9094,Earth Fairy Costume,,0
9095,Simerian Costume,,0
9096,Simerian Songs,,0
9097,Earth Fairy Sonnets,,0
9098,Roman Numerals Book,,0
9099,Earth Book,,0
9100,Earth Fairy,,0
9101,Simerians,,0
9102,Earth Pearl,,0
9104,Simeria Pearl,,0
9105,Earth Fairy Stamp,,0
9106,Simerian Stamp,,0
9107,Jezebel,,0
9110,Tres,,0
9124,Shop Pricer Giftbox,,0
9144,Battle Giftbox,,0
9145,Gym Giftbox,,0
9146,School Giftbox,,0
9147,Elite Gym Giftbox,,0
9148,University Giftbox,,0
9149,Daisy Poison,,0
9150,Dakota Poison,,0
9151,Rusty Poison,,0
9152,Snookle Poison,,0
9153,Speiro Poison,,0
9154,Troit Poison,,0
9155,Zoink Poison,,0
9156,Zoosh Poison,,0
9157,Santa Trading Card,,0
9167,Enchanted Fire Fairy Ercuw Plushie,,0
9171,Enchanted Fire Fairy Speiro Plushie,,0
9172,Enchanted Fancy Osafo Plushie,,0
9173,Enchanted Fancy Ercuw Plushie,,0
9174,Fancy Ercuw Plushie,,0
9175,Fancy Osafo Plushie,,0
9176,Fire Fairy Ercuw Plushie,,0
9177,Fire Fairy Speiro Plushie,,0
9178,Woodland Boots,,0
9179,Baggy Sweatpants,,0
9180,Fire Fairy Wings,,0
9181,Lightsaber,,0
9182,Dice of Doom,,0
9183,Staff of the Fire Fairy,,0
9184,Geek Pearl,,0
9185,Fire Fairy Pearl,,0
9186,Ember,,0
9187,Nerd,,0
9188,Staff of the Fire Fairy Stamp,,0
9189,Geek Stamp,,0
9190,Fancy Costume,,0
9191,Fire Fairy Costume,,0
9192,Geek Remix,,0
9193,Fire Fairy Songs,,0
9194,Geeks,,0
9195,Fire Fairy,,0
9196,Bat Potato,,0
9197,Festival Pop Up Book,,0
9198,Batty,,0
9199,Haunted Festival,,0
9200,Spider Pearl,,0
9201,Haunted Gumball,,0
9202,Bat Screeching,,0
9203,Undying Festival Tent Stamp,,0
9204,Undying Fairy,,0
9205,Undying Fairy Songs,,0
9206,Undying Fairy Costume,,0
9207,Goblin Costume,,0
9208,Undying Trading Card,,0
9209,Undying Fairy Stamp,,0
9210,Tail,,0
9211,Undying Fairy Pearl,,0
9212,Enchanted Undying Fairy Nino Plushie,,0
9216,Enchanted Undying Fairy Murfin Plushie,,0
9217,Enchanted Goblin Nino Plushie,,0
9218,Enchanted Goblin Yakubi Plushie,,0
9219,Goblin Pearl,,0
9220,Gobby,,0
9221,Goblin Huthiq Stamp,,0
9222,Goblar Trading Card,,0
9224,Goblin Tunes,,0
9225,Goblin Rides,,0
9226,Halloween Snowman Plushie,,0
9227,Snoween,,0
9228,Snowmans Halloween Book,,0
9229,Halloween Snowman Music,,0
9230,Halloween Snowman Stamp,,0
9244,Bored Pumpkin,,0
9246,Melted Pumpkin,,0
9247,Confused Pumpkin,,0
9248,Depressed Pumpkin,,0
9249,Mutant Pumpkin,,0
9251,Puzzled Pumpkin,,0
9264,Christmas Tree Plushie,,0
9272,Festive Pizza,,0
9273,Gift Wrapped DVD,,0
9274,Festive Jelly,,0
9275,Christmas Pudding,,0
9276,Christmas,,0
9277,Frozen Pearl,,0
9278,Christmas 2008 Stamp,,0
9279,Santa Mask,,0
9280,Gingerbread Movie,,0
9281,Gingerbread Songs,,0
9282,Gingerbread Costume,,0
9283,Gingerbread Wand,,0
9284,Baking Gingerbread Book,,0
9285,Gingerbread Stamp,,0
9286,Gingerbread,,0
9287,Gingerbread Pearl,,0
9288,Make a Snowman,,0
9289,Snowman Dance,,0
9290,Snowman Costume,,0
9291,Snowman Wand,,0
9292,Snowman Hats Book,,0
9293,Snowflake Stamp,,0
9294,Snowman,,0
9295,Snowman Pearl,,0
9304,Space Fairy Costume,,0
9305,Tornado Costume,,0
9324,Fairy in Space,,0
9325,Space Age Rock,,0
9326,Space Fairy Book,,0
9327,Space Fairy Stamp,,0
9328,Pinkal,,0
9329,Space Pearl,,0
9330,Space Fairy Ercuw Potion,,0
9331,Space Fairy Feliz Potion,,0
9332,Inside the Vortex,,0
9333,Musical Vortex,,0
9334,Vortex Warning Book,,0
9335,Vortex Stamp,,0
9336,Vorto,,0
9337,Vortex Pearl,,0
9338,Tornado Ercuw Potion,,0
9339,Tornado Paffuto Potion,,0
9340,Bananey Seeds,,0
9341,Applex Seeds,,0
9342,Brocklee Seeds,,0
9343,Cactus Seeds,,0
9344,Cactoo Seeds,,0
9345,Karot Seeds,,0
9346,Cherii Seeds,,0
9347,Korn Seeds,,0
9348,Daffy Seeds,,0
9349,Iris Seeds,,0
9350,Marguerite Seeds,,0
9351,Shroom Seeds,,0
9352,Wonion Seeds,,0
9353,Palm Seeds,,0
9354,Pee Seeds,,0
9355,Peachie Seeds,,0
9356,Peppa Seeds,,0
9357,Poppy Seeds,,0
9358,Rosie Seeds,,0
9359,Rosette Seeds,,0
9360,Rutabaga Seeds,,0
9361,Strawberrie Seeds,,0
9362,Sunflower Seeds,,0
9363,Tommy Seeds,,0
9364,Tuly Seeds,,0
9365,Blue Mordo Potion,,0
9366,Green Mordo Potion,,0
9367,Pink Mordo Potion,,0
9368,Purple Mordo Potion,,0
9369,Red Mordo Potion,,0
9370,White Mordo Potion,,0
9371,Yellow Mordo Potion,,0
9372,New Female Certificate,,0
9373,New Male Certificate,,0
9374,Dalmatian Crindol Photo,,0
9375,Halloween Daisy Photo,,0
9376,Snowman Dakota Photo,,0
9377,Mummy Ideus Photo,,0
9378,Cotton Candy Kidlet Photo,,0
9379,Ghost Knutt Photo,,0
9380,Hungry Bolimo Trading Card,,0
9381,Bubbles Galore Scratchcard,,0
9382,Jenoa Riches Scratchcard,,0
9383,Merry Maids Scratchcard,,0
9384,Sea Shell Submarine Scratchcard,,0
9385,Underwater Delicacies Scratchcard,,0
9386,Whirl A Pool Scratchcard,,0
9387,Splashing Around Scratchcard,,0
9388,Marina Reeds Scratchcard,,0
9389,Prison Potato,,0
9390,Photo Parlour Giftbox,,0
9391,Scratchcards Giftbox,,0
9392,Snot Newth Trading Card,,0
9393,Candy Guide Book,,0
9394,Devil,,0
9395,Midnight,,0
9396,Chocolate Pearl,,0
9397,Undead March,,0
9398,Rainbow Pizza,,0
9399,Hot Dog Trading Card,,0
9400,Prison Shirt,,0
9401,Penitentiary Plushie,,0
9402,Spiked Shield,,0
9403,Wanted,,0
9404,Flail,,0
9405,Galaxy Costume,,0
9406,Living in Prison Guide,,0
9407,Flail Stamp,,0
9408,Lonesome Gonk,,0
9409,Be My Valentine,,0
9410,Romantic Hits,,0
9411,Olde Western Hits,,0
9412,Valentine Costume,,0
9413,Cowboy Costume,,0
9414,First Dates Book,,0
9415,Gonk on the Ranch Book,,0
9416,Bad Chocolate Trading Card,,0
9417,Cowboy Trading Card,,0
9418,Valentine Potato Stamp,,0
9419,Cowboy Potato Stamp,,0
9420,Valentino,,0
9421,Buckaroo,,0
9422,Valentine Pearl,,0
9423,Cowboy Pearl,,0
9424,Valentine Lati Potion,,0
9425,Cowboy Lati Potion,,0
9426,Cowboy Ideus Potion,,0
9427,Valentine Reese Potion,,0
9428,Princess,,0
9429,Valentine Truffles,,0
9430,Strawberry Jelly Heart Biscuits,,0
9431,Cream Heart Cookies,,0
9432,Chocolate Rose,,0
9433,Floating Candles,,0
9434,Gingerbread Skin,,0
9435,Chocolate Tulip,,0
9436,Valentine Cupcakes,,0
9437,Chocolate Heart Biscuits,,0
9438,Valentine Potato,,0
9439,Candy Treats,,0
9440,Digital Book,,0
9441,Ziranek Hat,,0
9442,Murfin Costume,,0
9443,Murfin Mask,,0
9444,Blooble,,0
9445,Digital Shield,,0
9446,Digital Ray Gun,,0
9447,X Factor,,0
9448,Lazy Fairy Hits,,0
9449,Trash Pearl,,0
9450,Trash Book,,0
9451,Trash Potato,,0
9452,Lazy Fairy Doll,,0
9453,Staff of the Lazy Fairy,,0
9454,Bat Cake,,0
9455,Mini Pumpkin Pies,,0
9456,Pumpkin Bread,,0
9457,Slice of Pumpkin Pie,,0
9458,Spider Muffins,,0
9459,Blood Pudding,,0
9460,Pumpkin Apple,,0
9461,Pinwheel Cake,,0
9462,Orange Cake,,0
9463,Chocolate Mousse Cake,,0
9464,Chocolate Heart Cookie,,0
9465,Chocolate Bagels,,0
9466,Checkered Christmas Cake,,0
9467,Puff,,0
9468,Lost on the Island,,0
9469,Sand Shield,,0
9470,Sand Axe,,0
9471,Minipet Island Hat,,0
9472,Yakubi Mask,,0
9473,Yakubi Costume,,0
9484,Funky Bolimo Potion,,0
9485,Ghost Bolimo Potion,,0
9486,Halloween Bolimo Potion,,0
9487,Cotton Candy Chibs Potion,,0
9488,Checkered Equilor Potion,,0
9489,Wizard Newth Potion,,0
9490,Space Fairy Fasoro Potion,,0
9491,Tornado Fasoro Potion,,0
9492,Checkered Paffuto Potion,,0
9493,Fire Paffuto Potion,,0
9494,Musical Paffuto Potion,,0
9495,Royal Paffuto Potion,,0
9496,Water Paffuto Potion,,0
9497,Angel Quell Potion,,0
9498,Baby Quell Potion,,0
9499,Digital Quell Potion,,0
9500,Ice Quell Potion,,0
9501,Millionaire Quell Potion,,0
9502,Plushie Quell Potion,,0
9503,School Quell Potion,,0
9504,Skeleton Quell Potion,,0
9505,Witch Quell Potion,,0
9506,Underwater Quell Potion,,0
9507,Space Quell Potion,,0
9508,Brown Quell Potion,,0
9509,Baby Renat Potion,,0
9510,Princess Renat Potion,,0
9511,Royal Renat Potion,,0
9512,Skeleton Renat Potion,,0
9513,Snow Renat Potion,,0
9514,Space Fairy Snookle Potion,,0
9515,Dark Tantua Potion,,0
9516,Gothic Tantua Potion,,0
9517,Halloween Tantua Potion,,0
9518,Love Tantua Potion,,0
9519,Millionaire Tantua Potion,,0
9520,Royal Tantua Potion,,0
9521,Snow Tantua Potion,,0
9522,Voodoo Tantua Potion,,0
9523,Wizard Tantua Potion,,0
9524,Seasonal Tantua Potion,,0
9525,Emo Xoi Potion,,0
9526,Ghost Xoi Potion,,0
9527,Glass Xoi Potion,,0
9528,Light Xoi Potion,,0
9529,Sponge Xoi Potion,,0
9530,Witch Xoi Potion,,0
9531,Angel Azul Photo,,0
9532,Angel Chibs Photo,,0
9533,Angel Doyle Photo,,0
9534,Angel Fasoro Photo,,0
9535,Angel Knutt Photo,,0
9536,Angel Mordo Photo,,0
9537,Angel Murfin Photo,,0
9538,Angel Poera Photo,,0
9539,Angel Quell Photo,,0
9540,Angel Snookle Photo,,0
9541,Angel Tantua Photo,,0
9542,Angel Ushunda Photo,,0
9543,Britney 04,,0
9544,Britney 01,,0
9545,Britney 02,,0
9546,Britney 03,,0
9547,Britney 05,,0
9548,Britney 06,,0
9549,Britney 07,,0
9550,Britney 08,,0
9551,Britney 09,,0
9552,Britney 10,,0
9553,Britney 11,,0
9554,Britney 12,,0
9555,Britney 13,,0
9556,Britney 14,,0
9557,Britney 15,,0
9558,Britney 16,,0
9559,Britney 17,,0
9560,Britney 18,,0
9561,Britney 19,,0
9562,Britney 20,,0
9563,Britney 21,,0
9564,Gaga 01,,0
9565,Gaga 02,,0
9566,Gaga 03,,0
9567,Gaga 04,,0
9568,Gaga 20,,0
9569,Gaga 21,,0
9570,Gaga 22,,0
9571,Gaga 23,,0
9572,Gaga 05,,0
9573,Gaga 06,,0
9574,Gaga 07,,0
9575,Gaga 08,,0
9576,Gaga 09,,0
9577,Gaga 15,,0
9578,Gaga 16,,0
9579,Gaga 17,,0
9580,Gaga 18,,0
9581,Gaga 19,,0
9582,Gaga 10,,0
9583,Gaga 11,,0
9584,Gaga 12,,0
9585,Gaga 13,,0
9586,Gaga 14,,0
9587,Blue Arinya Potion,,0
9588,Black Arinya Potion,,0
9589,Green Arinya Potion,,0
9590,Grey Arinya Potion,,0
9591,Orange Arinya Potion,,0
9592,Pink Arinya Potion,,0
9593,Purple Arinya Potion,,0
9594,Red Arinya Potion,,0
9595,White Arinya Potion,,0
9596,Yellow Arinya Potion,,0
9597,Black Arinya Photo,,0
9598,Black Bolimo Photo,,0
9599,Black Dakota Photo,,0
9600,Black Ercuw Photo,,0
9601,Black Fasoro Photo,,0
9602,Black Gonk Photo,,0
9603,Black Jessup Photo,,0
9604,Black Kidlet Photo,,0
9605,Black Kronk Photo,,0
9606,Black Leido Photo,,0
9607,Black Mordo Photo,,0
9608,Black Nino Photo,,0
9609,Black Oglue Photo,,0
9610,Black Osafo Photo,,0
9611,Black Phanty Photo,,0
9612,Black Reese Photo,,0
9613,Black Renat Photo,,0
9614,Black Rusty Photo,,0
9615,Black Snookle Photo,,0
9616,Black Speiro Photo,,0
9617,Black Troit Photo,,0
9618,Black Viotto Photo,,0
9619,Black Xoi Photo,,0
9620,Black Zoink Photo,,0
9621,Black Zoosh Photo,,0
9622,BBQ Sausage,,0
9623,Dragon Steak,,0
9624,Duck with Orange,,0
9625,Meatloaf,,0
9626,Meat Pie,,0
9627,Stuffed Turkey,,0
9628,Turkey with Potato,,0
9629,Andy,,0
9630,Devan,,0
9631,Farley,,0
9632,Ivor,,0
9633,Izzy,,0
9634,Kouki,,0
9635,Kronos,,0
9636,Orville,,0
9637,Pippin,,0
9638,Shea,,0
9639,Thracius,,0
9640,Neesta,,0
9641,Chicken Breast,,0
9642,Mouldy Turkey,,0
9643,Beef Steak,,0
9644,Sirloin Steak,,0
9645,Rump Steak,,0
9646,Beef Strip Loin,,0
9647,Beef Chuck,,0
9648,Beef Knuckle,,0
9649,Beef Flank,,0
9650,Beef Ribs,,0
9651,Beef Brisket,,0
9652,Beef,,0
9653,Chicken Breast Quarter,,0
9654,Chicken Wing,,0
9655,Chicken Drumstick,,0
9656,Giblets,,0
9657,Half a Chicken,,0
9658,Chicken Thigh,,0
9659,Chicken,,0
9660,Chicken Leg,,0
9661,Armoured Equilor Photo,,0
9662,Armoured Feliz Photo,,0
9663,Baby Ercuw Photo,,0
9664,Baby Huthiq Photo,,0
9665,Baby Knutt Photo,,0
9666,Baby Quell Photo,,0
9667,Baby Renat Photo,,0
9668,Balloon Chibs Photo,,0
9669,Balloon Daisy Photo,,0
9670,Balloon Jessup Photo,,0
9671,Balloon Zoosh Photo,,0
9672,Burnt Chibs Photo,,0
9673,Burnt Ideus Photo,,0
9674,Burnt Jessup Photo,,0
9675,Burnt Yakubi Photo,,0
9676,Camouflage Doyle Photo,,0
9677,Camouflage Gonk Photo,,0
9678,Camouflage Murfin Photo,,0
9679,Camouflage Ushunda Photo,,0
9680,Checkered Equilor Photo,,0
9681,Checkered Leido Photo,,0
9682,Checkered Oglue Photo,,0
9683,Checkered Paffuto Photo,,0
9684,Checkered Poera Photo,,0
9685,Checkered Ushunda Photo,,0
9686,Cheese Fasoro Photo,,0
9687,Cheese Murfin Photo,,0
9688,Cheese Sindi Photo,,0
9689,White Chocolate Christmas Tree,,0
9690,Milk Chocolate Christmas Tree,,0
9691,Dark Chocolate Christmas Tree,,0
9692,Gift Wrapped Chocolate Pumpkins,,0
9693,Chocolate Ghost,,0
9694,Chocolate Dip,,0
9695,Chocolate Dakota,,0
9696,Chocolate Cherries,,0
9697,Hot Chibs Songs,,0
9698,Ambient Forest Noises,,0
9699,Digital Noises,,0
9700,Zombie Screeches,,0
9701,Gothic Tunes,,0
9702,Flaming Hot Summer Songs,,0
9703,Heroic Ballads,,0
9704,Dark Duets,,0
9705,Songs of Peace,,0
9706,Old Songs,,0
9707,Winter Music,,0
9708,Punks Not Dead,,0
9709,Cute Love Songs,,0
9710,Dark Ercuws,,0
9711,Wild Dances,,0
9712,Chocolate Bat,,0
9713,Roasting Beef,,0
9714,Lamb Leg,,0
9715,Lamb Tenderloin,,0
9716,Smoked Lamb Rack,,0
9717,Lamb Rack,,0
9718,Lamb Shoulder,,0
9719,Lamb Neck,,0
9720,Pork Leg,,0
9721,Ham,,0
9722,Smoked Ham,,0
9723,Canned Ham,,0
9724,Sliced Ham,,0
9725,Boneless Ham,,0
9726,Pork Ribs,,0
9727,Mouldy Pork,,0
9728,Pork Chop,,0
9729,Family Pork Ribs,,0
9730,Pork Blade Chop,,0
9731,Pork Rib Chop,,0
9732,Pork Loin Chop,,0
9733,Lamb Chop,,0
9734,Pork Crown Roast,,0
9735,Pork,,0
9736,Pork Spare Ribs,,0
9737,Roast Ham,,0
9738,Ground Meat,,0
9739,Pork Sausages,,0
9740,Veal,,0
9741,Veal Rack,,0
9742,Veal Leg,,0
9744,Gigantic Fairy Doll,,0
9745,Strong Music,,0
9746,Gigantic Fairy Book,,0
9747,Test Your Strength Pearl,,0
9748,Test Your Strength Potato,,0
9749,Angel Hits,,0
9750,Black Knight Music,,0
9751,Chanson Greatest Hits,,0
9752,Country Music,,0
9753,Crazy Osafo Hits,,0
9754,Crystal Soul,,0
9755,Dancing Queen,,0
9756,Dark Love Songs,,0
9757,Dead Love Songs,,0
9758,Emo Music,,0
9759,Folklore Tunes,,0
9760,Funny Hits,,0
9761,Happy Love Songs,,0
9762,Horror Rock Tunes,,0
9763,Mad World Music,,0
9764,Mirror Dance,,0
9765,Moon Dance,,0
9766,Moon Walk,,0
9767,Night Howling,,0
9768,No More War Songs,,0
9769,Pirate Shanty,,0
9770,Psycho Destruction Ballads,,0
9771,Robot Punk,,0
9772,Colourful Tunes,,0
9773,Relaxing Music,,0
9774,R n B Classics,,0
9775,Space Mutant Hits,,0
9776,War Songs,,0
9777,Tribal Music,,0
9778,Viking Metal Songs,,0
9779,Shadow Vampire,,0
9780,Vampire Attack Music,,0
9781,Vampire Costume,,0
9782,Vampire Sightings Book,,0
9783,Vampire Stamp,,0
9784,Vamps,,0
9785,Vampire Pearl,,0
9786,Vampire Tasi Potion,,0
9787,Vampire Reese Potion,,0
9788,The Leprechaun,,0
9789,Irish Music,,0
9790,Leprechaun Costume,,0
9791,Leprechaun Book,,0
9792,Leprechaun Stamp,,0
9793,Leprechaun,,0
9794,Leprechaun Pearl,,0
9795,Leprechaun Azul Potion,,0
9796,Leprechaun Tasi Potion,,0
9797,Chocolate Lake Truffle,,0
9798,Rainbow Balloon,,0
9799,Lush Lake Potato,,0
9800,Lush Lake Gumball,,0
9801,Lush Lake Shirt,,0
9802,Rainbow Cake,,0
9803,Jar of Rainbows,,0
9804,Sour Candy Apple,,0
9805,Bat Candy,,0
9806,Blue Yuni Balloon,,0
9807,Green Yuni Balloon,,0
9808,Orange Yuni Balloon,,0
9809,Pink Yuni Balloon,,0
9810,Purple Yuni Balloon,,0
9811,Red Yuni Balloon,,0
9812,Yellow Yuni Balloon,,0
9813,Ice Book,,0
9814,Halloween Treats Book,,0
9815,Scrolls Book,,0
9816,Fire Book,,0
9817,Yakubi Skeleton Book,,0
9818,Halloween Recipe Book,,0
9819,Angel Book,,0
9820,Love Songs,,0
9821,Earth Songs,,0
9822,Princess Songs,,0
9823,Angel Songs,,0
9824,Baby Songs,,0
9825,Prison Songs,,0
9826,Zetlian Classics,,0
9827,Xoi Classics,,0
9828,Christmas Earrings,,0
9829,Christmas Necklace,,0
9830,Flax Lily,,0
9831,Christmas Time,,0
9832,Ghost Attack,,0
9833,Love Again,,0
9834,Clam Attack,,0
9835,Cheese Eater,,0
9836,Mutants Attack,,0
9837,Prison Break,,0
9838,Frozen Pumpkin,,0
9839,Wrapped Pumpkin Lolly,,0
9840,Pumpkin Shake,,0
9841,Christmas Vase,,0
9842,Hot Chocolate,,0
9843,Naoen in the Box,,0
9844,Christmas Zoosh in the Box,,0
9845,Ghost Wand,,0
9846,Christmas Wand,,0
9847,Giant Arnuts,,0
9848,Giant Pronula,,0
9849,Giant Zikola,,0
9850,Giant Goiberry,,0
9851,Decapitating Fairy Doll,,0
9852,Chocolate Star,,0
9853,Enpiah Balloon,,0
9854,Enpiah Cake,,0
9855,Enpiah Shirt,,0
9856,Enpiah Gumball,,0
9857,Enpiah Potato,,0
9858,Jar of Stars,,0
9859,Pirate Potato,,0
9860,Book of Swords,,0
9861,Dukka Fairy,,0
9862,Dukka Fairy Songs,,0
9863,Dukka Fairy Stamp,,0
9864,Staff of the Dukka Fairy,,0
9865,Dukka Fairy Doll,,0
9866,Chinese Azul Photo,,0
9867,Chinese Poera Photo,,0
9868,Chinese Snookle Photo,,0
9869,Chocolate Fasoro Photo,,0
9870,Chocolate Gonk Photo,,0
9871,Chocolate Leido Photo,,0
9872,Chocolate Murfin Photo,,0
9873,Chocolate Sindi Photo,,0
9874,Chocolate Xoi Photo,,0
9875,Chocolate Zoink Photo,,0
9876,Christmas Addow Photo,,0
9877,Christmas Ideus Photo,,0
9878,Christmas Leido Photo,,0
9879,Christmas Newth Photo,,0
9880,Christmas Viotto Photo,,0
9881,Christmas Walee Photo,,0
9882,Christmas Zetlian Photo,,0
9883,Clown Doyle Photo,,0
9884,Clown Grint Photo,,0
9885,Clown Walee Photo,,0
9886,Cotton Candy Chibs Photo,,0
9887,Cotton Candy Sindi Photo,,0
9888,Cotton Candy Snookle Photo,,0
9889,Cowboy Arinya Photo,,0
9890,Cowboy Ideus Photo,,0
9891,Cowboy Lati Photo,,0
9892,Cowboy Renat Photo,,0
9893,Cowboy Speiro Photo,,0
9894,Cowboy Yuni Photo,,0
9895,Dark Bolimo Photo,,0
9896,Dark Fasoro Photo,,0
9897,Dark Oglue Photo,,0
9898,Dark Speiro Photo,,0
9899,Dark Tantua Photo,,0
9900,Dark Zetlian Photo,,0
9901,Devil Azul Photo,,0
9902,Devil Chibs Photo,,0
9903,Devil Crindol Photo,,0
9904,Devil Kronk Photo,,0
9905,Devil Mordo Photo,,0
9924,Devil Newth Photo,,0
9925,Devil Murfin Photo,,0
9926,Devil Phanty Photo,,0
9927,Clown Osafo Photo,,0
9928,Digital Equilor Photo,,0
9929,Digital Huthiq Photo,,0
9930,Digital Mordo Photo,,0
9931,Digital Yakubi Photo,,0
9932,Easter Bunny,,0
9933,Easter Music,,0
9934,Easter Costume,,0
9935,Easter Eggs Book,,0
9936,Easter Stamp,,0
9937,Twittle,,0
9938,Easter Pearl,,0
9939,Easter Chibs Potion,,0
9940,Easter Newth Potion,,0
9941,Midnight Sunrise,,0
9942,Midnight Music,,0
9943,Midnight Costume,,0
9944,Midnight Book,,0
9945,Midnight Stamp,,0
9946,Middy,,0
9947,Midnight Pearl,,0
9948,Midnight Chibs Potion,,0
9949,Midnight Grint Potion,,0
9950,Angel Easter Egg,,0
9951,Checkered Easter Egg,,0
9952,Cheese Easter Egg,,0
9953,Chinese Easter Egg,,0
9954,Clown Easter Egg,,0
9955,Cowboy Easter Egg,,0
9956,Devil Easter Egg,,0
9957,Digital Easter Egg,,0
9958,Earth Fairy Easter Egg,,0
9959,Elf Easter Egg,,0
9960,Eleka Easter Egg,,0
9961,Fire Fairy Easter Egg,,0
9962,Funky Easter Egg,,0
9963,Geek Easter Egg,,0
9964,Glass Easter Egg,,0
9965,Ice Easter Egg,,0
9966,Ice Fairy Easter Egg,,0
9967,Light Fairy Easter Egg,,0
9968,Lightning Easter Egg,,0
9969,Love Easter Egg,,0
9970,Millionaire Easter Egg,,0
9971,Mummy Easter Egg,,0
9972,Nefarious Easter Egg,,0
9973,Ninja Easter Egg,,0
9974,Pixie Easter Egg,,0
9975,Plant Easter Egg,,0
9976,Prison Easter Egg,,0
9977,Punk Easter Egg,,0
9978,Royal Easter Egg,,0
9979,Seasonal Easter Egg,,0
9980,Simerian Easter Egg,,0
9981,Skeleton Easter Egg,,0
9982,Snowman Easter Egg,,0
9983,Space Fairy Easter Egg,,0
9984,Starry Easter Egg,,0
9985,Undying Easter Egg,,0
9986,Valentine Easter Egg,,0
9987,Witch Easter Egg,,0
9988,Wizard Easter Egg,,0
9989,Leprechaun Easter Egg,,0
9990,Easter Pizza,,0
9991,Dancing Easter Eggs,,0
9992,Easter Egg Ice Cream,,0
9993,Easter Egg Book,,0
9994,Easter,,0
9995,Easter Egg Hunt,,0
9996,Bugs and Crackers,,0
9997,Chocolate Mousse,,0
9998,Chocolate Cream,,0
9999,Fried Breakfast,,0
10000,Ham Roast Dinner,,0