46993,Teal Crikey Plushie,,0
46994,Silver Crikey Plushie,,0
46995,Radioactive Crikey Plushie,,0
46996,Beige Crikey Plushie,,0
46997,Bronze Crikey Plushie,,0
46998,Brown Crikey Plushie,,0
46999,Glass Crikey Plushie,,0
47000,Gold Crikey Plushie,,0
47001,Ice Crikey Plushie,,0
47002,Invisible Crikey Plushie,,0
47003,Lilac Crikey Plushie,,0
47004,Magenta Crikey Plushie,,0
47005,Defective Crikey Plushie,,0
47006,Defective Basil Plushie,,0
47007,Beige Basil Plushie,,0
47008,Bronze Basil Plushie,,0
47009,Brown Basil Plushie,,0
47010,Glass Basil Plushie,,0
47011,Gold Basil Plushie,,0
47012,Ice Basil Plushie,,0
47013,Invisible Basil Plushie,,0
47014,Lilac Basil Plushie,,0
47015,Magenta Basil Plushie,,0
47016,Radioactive Basil Plushie,,0
47017,Silver Basil Plushie,,0
47018,Teal Basil Plushie,,0
47019,Enchanted Beige Basil Plushie,,0
47020,Enchanted Bronze Basil Plushie,,0
47021,Enchanted Brown Basil Plushie,,0
47022,Enchanted Party Basil Plushie,,0
47023,Enchanted Glass Basil Plushie,,0
47024,Enchanted Gold Basil Plushie,,0
47025,Enchanted Ice Basil Plushie,,0
47026,Enchanted Invisible Basil Plushie,,0
47027,Enchanted Lilac Basil Plushie,,0
47028,Enchanted Magenta Basil Plushie,,0
47029,Enchanted Radioactive Basil Plushie,,0
47030,Enchanted Silver Basil Plushie,,0
47031,Enchanted Teal Basil Plushie,,0
47032,Enchanted Headless Arinya Plushie,,0
47033,Enchanted Headless Basil Plushie,,0
47034,Earth Fairy Sugar Cube,,0
47035,Chocolate Ladybug,,0
47036,Earth Fairy Video Game,,0
47037,Bough Bow,,0
47038,Soothing River Sounds,,0
47039,Earth Fairy Pearl,,0
47040,Earth Fairy Potato,,0
47041,Earth Fairy Photo,,0
47042,Sour Gummy Worms,,0
47043,Earth Fairy Booster,,0
47044,Nature Planet,,0
47045,Earth Fairy Doll,,0
47046,Pinekoo,,0
47047,Earth Fairy Trading Card,,0
47048,Earth Fairy Glowing Egg,,0
47049,Wilderness Book,,0