49285,Aqua Costume,,0
49305,Gumball Machine,,0
49306,Pizza Plushie,,0
49307,Clown Booster,,0
49308,Slater Park Hits,,0
49309,Popcorn,,0
49310,Book of Rollercoaster Rides,,0
49311,Ice Cream Hot Dog,,0
49312,Gooey,,0
49313,Junk Food Stamp,,0
49314,Firework Glowing Egg,,0
49315,Firework Pearl,,0
49316,Firework Display,,0
49317,Firework Stamp,,0
49318,Spark,,0
49319,Firework Noises,,0
49320,Book of Fireworks,,0
49321,Enchanted Firework Sindi Plushie,,0
49322,Enchanted Firework Doyle Plushie,,0
49323,Firework Sindi Plushie,,0
49324,Firework Doyle Plushie,,0
49325,Sand Ice Cream,,0
49326,Sand Potato,,0
49327,Sand Pearl,,0
49328,Desert Fairy Booster,,0
49329,Sand Timer,,0
49330,Sand Pyramid,,0
49331,Desert Songs,,0
49332,Desert Fairy,,0
49333,Desert Fairy Video Game,,0
49334,Desert Fairy Cupcake,,0
49335,Desert Fairy Photo,,0
49336,Sand Journal,,0
49337,Sandy,,0
49338,Desert Fairy Sugar Cube,,0
49339,Desert Fairy Trading Card,,0
49340,Sand Storm,,0
49341,Desert Fairy Doll,,0
49342,Desert Fairy Wig,,0
49343,Desert Fairy Glowing Egg,,0
49344,Desert Fairy Top,,0
49345,Desert Fairy Wings,,0
49346,Desert Fairy Stamp,,0
49347,Tasi Magazine Feb 2018,,0
49348,Vixen Magazine Feb 2018,,0
49349,Troit Magazine Feb 2018,,0
49350,Snookle Magazine Feb 2018,,0
49351,Daisy Magazine Feb 2018,,0
49352,Zoink Magazine Feb 2018,,0
49353,Yuni Magazine Feb 2018,,0
49354,Addow Magazine Feb 2018,,0
49355,Azul Magazine Feb 2018,,0
49356,Bolimo Magazine Feb 2018,,0
49357,Doyle Magazine Feb 2018,,0
49358,Equilor Magazine Feb 2018,,0
49359,Fasoro Magazine Feb 2018,,0
49360,Feliz Magazine Feb 2018,,0
49361,Grint Magazine Feb 2018,,0
49362,Jessup Magazine Feb 2018,,0
49363,Knutt Magazine Feb 2018,,0
49364,Leido Magazine Feb 2018,,0
49365,Murfin Magazine Feb 2018,,0
49366,Newth Magazine Feb 2018,,0
49367,Osafo Magazine Feb 2018,,0
49368,Paffuto Magazine Feb 2018,,0
49369,Reese Magazine Feb 2018,,0
49370,Rofling Magazine Feb 2018,,0
49371,Tantua Magazine Feb 2018,,0
49372,Ushunda Magazine Feb 2018,,0
49373,Walee Magazine Feb 2018,,0
49374,Yakubi Magazine Feb 2018,,0
49375,Zetlian Magazine Feb 2018,,0
49376,Chibs Magazine Feb 2018,,0
49377,Quell Magazine Feb 2018,,0
49378,Huthiq Magazine Feb 2018,,0
49379,Sindi Magazine Feb 2018,,0
49380,Viotto Magazine Feb 2018,,0
49381,Ideus Magazine Feb 2018,,0
49382,Poera Magazine Feb 2018,,0
49383,Ercuw Magazine Feb 2018,,0
49384,Gonk Magazine Feb 2018,,0
49385,Oglue Magazine Feb 2018,,0
49386,Xoi Magazine Feb 2018,,0
49387,Kronk Magazine Feb 2018,,0
49388,Phanty Magazine Feb 2018,,0
49389,Kidlet Magazine Feb 2018,,0
49390,Mordo Magazine Feb 2018,,0
49391,Renat Magazine Feb 2018,,0
49392,Lati Magazine Feb 2018,,0
49393,Crindol Magazine Feb 2018,,0
49394,Speiro Magazine Feb 2018,,0
49395,Rusty Magazine Feb 2018,,0
49396,Dakota Magazine Feb 2018,,0
49397,Zoosh Magazine Feb 2018,,0
49398,Nino Magazine Feb 2018,,0
49399,Arinya Magazine Feb 2018,,0
49400,Gizmo Magazine Feb 2018,,0
49401,Ike Magazine Feb 2018,,0
49402,Kujo Magazine Feb 2018,,0
49403,Echlin Magazine Feb 2018,,0
49404,Hump Magazine Feb 2018,,0
49405,Pucu Magazine Feb 2018,,0
49406,Flab Magazine Feb 2018,,0
49407,Crikey Magazine Feb 2018,,0
49408,Basil Magazine Feb 2018,,0
49409,Figaro Magazine Feb 2018,,0
49410,Gobble Magazine Feb 2018,,0
49411,Justin Magazine Feb 2018,,0
49412,Kaala Magazine Feb 2018,,0
49413,Lorius Magazine Feb 2018,,0
49414,Sybri Magazine Feb 2018,,0
49415,Vlad Magazine Feb 2018,,0
49416,Willa Magazine Feb 2018,,0
49417,Decadal Magazine Feb 2018,,0
49418,Raulf Magazine Feb 2018,,0
49419,Zola Magazine Feb 2018,,0
49420,Astro Magazine Feb 2018,,0
49421,Eyru Magazine Feb 2018,,0
49422,Limax Magazine Feb 2018,,0
49423,Baspinar Castle News Feb 2018,,0
49424,Biala News Feb 2018,,0
49425,Candyland News Feb 2018,,0
49426,Dukka Caves News Feb 2018,,0
49427,Dukka Town News Feb 2018,,0
49428,Eleka Castle News Feb 2018,,0
49429,Enpiah News Feb 2018,,0
49430,Gigantic Paradise News Feb 2018,,0
49431,Jenoa News Feb 2018,,0
49432,Lowlyhood News Feb 2018,,0
49433,Lush Lake News Feb 2018,,0
49434,Marada News Feb 2018,,0
49435,Puchalla Village News Feb 2018,,0
49436,City Sewers News Feb 2018,,0
49437,Simeria News Feb 2018,,0
49438,Slater Park News Feb 2018,,0
49439,Undying Woods News Feb 2018,,0
49440,Vortex Park News Feb 2018,,0
49441,Ziranek News Feb 2018,,0
49442,Kamilah Desert News Feb 2018,,0
49443,Minipet Island News Feb 2018,,0
49444,Nimbus News Feb 2018,,0
49445,Foxfire Forest News Feb 2018,,0
49446,Astro Mummy Doll,,0
49447,Eyru Mummy Doll,,0
49448,Justin Mummy Doll,,0
49449,Decadal Mummy Doll,,0
49450,Hump Mummy Doll,,0
49451,Limax Mummy Doll,,0
49452,Lorius Mummy Doll,,0
49453,Zola Mummy Doll,,0
49454,Raulf Mummy Doll,,0
49455,Sybri Mummy Doll,,0
49456,Vlad Mummy Doll,,0
49457,Willa Mummy Doll,,0
49458,Straya Mummy Doll,,0
49459,Astro Voodoo Doll,,0
49460,Eyru Voodoo Doll,,0
49461,Limax Voodoo Doll,,0
49462,Straya Voodoo Doll,,0
49463,Stick Horse,,0
49464,Vintage Train,,0
49465,Puchalla Hits,,0
49466,Puchalla Dinner,,0
49467,Steak and Potatoes,,0
49468,Hearty Drink,,0
49469,Puchalla Booster,,0
49470,Puchalla Meals Stamp,,0
49471,Puchalla Village Goals Plushie,,0
49472,Dandy,,0
49473,Coral Addow Photo,,0
49474,Aqua Addow Photo,,0
49475,Coral Arinya Photo,,0
49476,Aqua Arinya Photo,,0
49477,Coral Astro Photo,,0
49478,Minipet Astro Photo,,0
49479,Aqua Astro Photo,,0
49480,Coral Azul Photo,,0
49481,Aqua Azul Photo,,0
49482,Rotten Basil Photo,,0
49483,Coral Basil Photo,,0
49484,Aqua Basil Photo,,0
49485,Rotten Bolimo Photo,,0
49486,Coral Bolimo Photo,,0
49487,Aqua Bolimo Photo,,0
49488,Rotten Chibs Photo,,0
49489,Coral Chibs Photo,,0
49490,Aqua Chibs Photo,,0
49491,Coral Crikey Photo,,0
49492,Aqua Crikey Photo,,0
49493,Rotten Crindol Photo,,0
49494,Coral Crindol Photo,,0
49495,Aqua Crindol Photo,,0
49496,Firework Crindol Photo,,0
49497,Coral Daisy Photo,,0
49498,Aqua Daisy Photo,,0
49499,Coral Dakota Photo,,0
49500,Aqua Dakota Photo,,0
49501,Coral Decadal Photo,,0
49502,Aqua Decadal Photo,,0
49503,Coral Doyle Photo,,0
49504,Aqua Doyle Photo,,0
49505,Coral Echlin Photo,,0
49506,Aqua Echlin Photo,,0
49507,Dalmatian Equilor Photo,,0
49508,Coral Equilor Photo,,0
49509,Aqua Equilor Photo,,0
49510,Dalmatian Ercuw Photo,,0
49511,Coral Ercuw Photo,,0
49512,Aqua Ercuw Photo,,0
49513,Coral Eyru Photo,,0
49514,Minipet Eyru Photo,,0
49515,Dalmatian Eyru Photo,,0
49516,Aqua Eyru Photo,,0
49517,Dalmatian Fasoro Photo,,0
49518,Coral Fasoro Photo,,0
49519,Aqua Fasoro Photo,,0
49520,Coral Feliz Photo,,0
49521,Aqua Feliz Photo,,0
49522,Coral Figaro Photo,,0
49523,Aqua Figaro Photo,,0
49524,Coral Flab Photo,,0
49525,Aqua Flab Photo,,0
49526,Slime Flab Photo,,0
49527,Coral Gizmo Photo,,0
49528,Aqua Gizmo Photo,,0
49529,Slime Gizmo Photo,,0
49530,Coral Gobble Photo,,0
49531,Aqua Gobble Photo,,0
49532,Coral Gonk Photo,,0
49533,Aqua Gonk Photo,,0
49534,Slime Gonk Photo,,0
49535,Slime Grint Photo,,0
49536,Coral Grint Photo,,0
49537,Aqua Grint Photo,,0
49538,Coral Hump Photo,,0
49539,Aqua Hump Photo,,0
49540,Slime Hump Photo,,0
49541,Coral Huthiq Photo,,0
49542,Aqua Huthiq Photo,,0
49543,Slime Huthiq Photo,,0
49544,Coral Ideus Photo,,0
49545,Aqua Ideus Photo,,0
49546,Slime Ideus Photo,,0
49547,Coral Ike Photo,,0
49548,Aqua Ike Photo,,0
49549,Slime Ike Photo,,0
49550,Coral Jessup Photo,,0
49551,Aqua Jessup Photo,,0
49552,Slime Jessup Photo,,0
49553,Coral Justin Photo,,0
49554,Aqua Justin Photo,,0
49555,Slime Justin Photo,,0
49556,Coral Kaala Photo,,0
49557,Aqua Kaala Photo,,0
49558,Aqua Knutt Photo,,0
49559,Coral Knutt Photo,,0
49560,Aqua Leido Photo,,0
49561,Coral Leido Photo,,0
49562,Aqua Limax Photo,,0
49563,Coral Limax Photo,,0
49564,Aqua Lorius Photo,,0
49565,Coral Lorius Photo,,0
49566,Coral Newth Photo,,0
49567,Aqua Newth Photo,,0
49568,Coral Nino Photo,,0
49569,Aqua Nino Photo,,0
49570,Funky Osafo Photo,,0
49571,Aqua Phanty Photo,,0
49572,Coral Phanty Photo,,0
49573,Aqua Poera Photo,,0
49574,Coral Poera Photo,,0
49575,Aqua Pucu Photo,,0
49576,Coral Pucu Photo,,0
49577,Aqua Quell Photo,,0
49578,Coral Quell Photo,,0
49579,Aqua Snookle Photo,,0
49580,Coral Snookle Photo,,0
49581,Aqua Speiro Photo,,0
49582,Coral Speiro Photo,,0
49583,Black Straya Photo,,0
49584,Zombie Straya Photo,,0
49585,Brown Straya Photo,,0
49586,Green Straya Photo,,0
49587,Grey Straya Photo,,0
49588,Orange Straya Photo,,0
49589,Pink Straya Photo,,0
49590,Purple Straya Photo,,0
49591,Red Straya Photo,,0
49592,White Straya Photo,,0
49593,Yellow Straya Photo,,0
49594,Chibi Straya Photo,,0
49595,Dalmatian Straya Photo,,0
49596,Funky Straya Photo,,0
49597,Galaxy Straya Photo,,0
49598,Hairy Straya Photo,,0
49599,Sparkle Straya Photo,,0
49600,Blue Straya Photo,,0
49601,Aqua Sybri Photo,,0
49602,Coral Sybri Photo,,0
49603,Aqua Tantua Photo,,0
49604,Coral Tantua Photo,,0
49605,Aqua Tasi Photo,,0
49606,Coral Tasi Photo,,0
49607,Funky Viotto Photo,,0
49608,Aqua Viotto Photo,,0
49609,Coral Viotto Photo,,0
49610,Funky Xoi Photo,,0
49611,Aqua Yakubi Photo,,0
49612,Coral Yakubi Photo,,0
49613,Aqua Yuni Photo,,0
49614,Coral Yuni Photo,,0
49615,Aqua Zetlian Photo,,0
49616,Coral Zola Photo,,0
49617,Aqua Zoosh Photo,,0
49618,Coral Zoosh Photo,,0
49619,Sandy Plate,,0
49620,Chariot Plate,,0
49621,Spark Plate,,0
49622,Dandy Plate,,0
49623,Freedom Plate,,0
49624,Gooey Plate,,0
49625,Heartless Treasure Chest,,0
49626,Crown Biscuit,,0
49627,Rose Cupcake,,0
49628,Heartless Tales,,0
49629,Heartling,,0
49630,Heart Scepter,,0
49631,Sword of Tyranny,,0
49632,Red Knight Belt,,0
49633,Heartless Leggings,,0
49634,Diamond Stockings,,0
49635,Red Knight Gauntlets,,0
49636,Crown of Hearts,,0
49637,Timeless Top Hat,,0
49638,Heartless Choker Necklace,,0
49639,Painted Roses,,0
49640,Timeless Wig,,0
49641,Heartless Shoes,,0
49642,Red Knight Shoes,,0
49643,Timeless Boots,,0
49644,Queen of Hearts Skirt,,0
49645,Timeless Shorts,,0
49646,Heartless Dress,,0
49647,Queen of Hearts Blouse,,0
49648,Red Knight Chest Plate,,0
49649,Timeless Shirt,,0
49650,Timeless Vest,,0
49651,Heartless Wig,,0